-0.12159729,-0.336898834,-0.934616029,0,0,0,0,0,0,0,0,0,0,0,0,0,0,1,0
-0.118972801,-0.350387633,-0.925231874,0,0,0,0,0,0,0,0,0,0,0,0,0,0,1,0
-0.119827278,-0.350036651,-0.929168642,0,0,0,0,0,0,0,0,0,0,0,0,0,0,1,0
-0.117355354,-0.34159857,-0.906539857,0,0,0,0,0,0,0,0,0,0,0,0,0,0,0,1
-0.109466568,-0.334228545,-0.923171997,0,0,0,0,0,0,0,0,0,0,0,0,0,0,0,1
-0.129364029,-0.33265689,-0.935546815,0,0,0,0,0,0,0,0,0,0,0,0,0,0,0,1
-0.088119514,-0.330795348,-0.926345825,0,0,0,0,0,0,0,0,0,0,0,0,0,0,0,1
-0.119186416,-0.327911407,-0.956451356,0,0,0,0,0,0,0,0,0,0,0,0,0,0,0,1
-0.127899192,-0.323471099,-0.935882568,0,0,0,0,0,0,0,0,0,0,0,0,0,0,0,1
-0.117294326,-0.324356139,-0.930145264,0,0,0,0,0,0,0,0,0,0,0,0,0,0,0,1
-0.1152649,-0.317382872,-0.923522949,0,0,0,0,0,0,0,0,0,0,0,0,0,0,0,1
-0.10858155,-0.310699522,-0.941360474,0,0,0,0,0,0,0,0,0,0,0,0,0,0,0,1
-0.10839846,-0.314041197,-0.952743471,0,0,0,0,0,0,0,0,0,0,0,0,0,0,0,1
-0.119064346,-0.320037872,-0.942214906,0,0,0,0,0,0,0,0,0,0,0,0,0,0,0,1
-0.119262703,-0.31362921,-0.927078247,0,0,0,0,0,0,0,0,0,0,0,0,0,0,0,1
-0.127990738,-0.318573058,-0.919494629,0,0,0,0,0,0,0,0,0,0,0,0,0,0,0,1
-0.159179688,-0.327804565,-0.883026063,0,0,0,0,0,0,0,0,0,0,0,0,0,0,0,1
-0.216812141,-0.303604186,-0.781738281,0,0,0,0,0,0,0,0,0,0,0,0,0,0,0,1
-0.257125854,-0.228988707,-0.838470399,0,0,0,0,0,0,0,0,0,0,0,0,0,0,0,1
-0.324951157,-0.015838699,-0.979690552,0,0,0,0,0,0,0,0,0,0,0,0,0,0,0,1
-0.314163171,0.4368743,-1.096054077,0,0,0,0,0,0,0,0,0,0,0,0,0,0,0,1
-0.238235418,0.523971468,-0.771957457,0,0,0,0,0,0,0,0,0,0,0,0,0,0,0,1
-0.020645067,0.925064027,-0.684188902,0,0,0,0,0,0,0,0,0,0,0,0,0,0,0,1
0.437072828,1.0720824,-0.669860899,0,0,0,0,0,0,0,0,0,0,0,0,0,0,0,1
0.207550138,0.408615053,-0.602829039,0,0,0,0,0,0,0,0,0,0,0,0,0,0,0,1
-0.215896532,0.816909611,-0.600082457,0,0,0,0,0,0,0,0,0,0,0,0,0,0,0,1
-0.179733202,0.594329715,-0.696929991,0,0,0,0,0,0,0,0,0,0,0,0,0,0,0,1
-0.119705103,0.749481022,-0.652526855,0,0,0,0,0,0,0,0,0,0,0,0,0,0,0,1
-0.091445848,0.785613894,-0.644897521,0,0,0,0,0,0,0,0,0,0,0,0,0,0,0,1
-0.112853937,0.744979799,-0.654449522,0,0,0,0,0,0,0,0,0,0,0,0,0,0,0,1
-0.105667062,0.758697391,-0.690963805,0,0,0,0,0,0,0,0,0,0,0,0,0,0,0,1
-0.062454157,0.710784793,-0.707046509,0,0,0,0,0,0,0,0,0,0,0,0,0,0,0,1
-0.015579144,0.706268191,-0.706817627,0,0,0,0,0,0,0,0,0,0,0,0,0,0,0,1
0.000228938,0.690872073,-0.721817017,0,0,0,0,0,0,0,0,0,0,0,0,0,0,0,1
-0.001632635,0.716293275,-0.717208922,0,0,0,0,0,0,0,0,0,0,0,0,0,0,0,1
0.014709545,0.696487248,-0.712112427,0,0,0,0,0,0,0,0,0,0,0,0,0,0,0,1
0.028137268,0.658431947,-0.730575621,0,0,0,0,0,0,0,0,0,0,0,0,0,0,0,1
0.04389959,0.686538577,-0.725753784,0,0,0,0,0,0,0,0,0,0,0,0,0,0,0,1
0.027755789,0.68876636,-0.718643248,0,0,0,0,0,0,0,0,0,0,0,0,0,0,0,1
0.034225522,0.689208806,-0.711730957,0,0,0,0,0,0,0,0,0,0,0,0,0,0,0,1
0.022842478,0.716140628,-0.698867857,0,0,0,0,0,0,0,0,0,0,0,0,0,0,0,1
0.011367859,0.723678529,-0.688140929,0,0,0,0,0,0,0,0,0,0,0,0,0,0,0,1
0.016082825,0.73400867,-0.674453795,0,0,0,0,0,0,0,0,0,0,0,0,0,0,0,1
0.017593443,0.750930667,-0.662979245,0,0,0,0,0,0,0,0,0,0,0,0,0,0,0,1
0.017501891,0.751434267,-0.65586859,0,0,0,0,0,0,0,0,0,0,0,0,0,0,0,1
0.014679013,0.753677249,-0.649078369,0,0,0,0,0,0,0,0,0,0,0,0,0,0,0,1
0.024810826,0.783126712,-0.630584776,0,0,0,0,0,0,0,0,0,0,0,0,0,0,0,1
0.033645688,0.769958377,-0.632598877,0,0,0,0,0,0,0,0,0,0,0,0,0,0,0,1
0.04158026,0.769363344,-0.63053906,0,0,0,0,0,0,0,0,0,0,0,0,0,0,0,1
0.037445121,0.771636844,-0.633392334,0,0,0,0,0,0,0,0,0,0,0,0,0,0,0,1
0.03031927,0.762237489,-0.630783141,0,0,0,0,0,0,0,0,0,0,0,0,0,0,0,1
0.037719779,0.798217714,-0.612152159,0,0,0,0,0,0,0,0,0,0,0,0,0,0,0,1
0.043991137,0.794509768,-0.603591979,0,0,0,0,0,0,0,0,0,0,0,0,0,0,0,1
0.042007506,0.790756166,-0.606628478,0,0,0,0,0,0,0,0,0,0,0,0,0,0,0,1
0.038559012,0.784255922,-0.608215392,0,0,0,0,0,0,0,0,0,0,0,0,0,0,0,1
0.041564994,0.805496097,-0.597412169,0,0,0,0,0,0,0,0,0,0,0,0,0,0,0,1
0.046508841,0.799178958,-0.598556578,0,0,0,0,0,0,0,0,0,0,0,0,0,0,0,1
0.043365519,0.796981633,-0.60092169,0,0,0,0,0,0,0,0,0,0,0,0,0,0,0,1
0.045089781,0.794143558,-0.60118109,0,0,0,0,0,0,0,0,0,0,0,0,0,0,0,1
0.044006418,0.795684695,-0.598709226,0,0,0,0,0,0,0,0,0,0,0,0,0,0,0,1
0.046890318,0.803100467,-0.599807799,0,0,0,0,0,0,0,0,0,0,0,0,0,0,0,1
0.04516609,0.795989871,-0.598037839,0,0,0,0,0,0,0,0,0,0,0,0,0,0,0,1
0.046981871,0.804183841,-0.591308653,0,0,0,0,0,0,0,0,0,0,0,0,0,0,0,1
0.047485404,0.795349121,-0.595047057,0,0,0,0,0,0,0,0,0,0,0,0,0,0,0,1
0.054290842,0.794830203,-0.592590392,0,0,0,0,0,0,0,0,0,0,0,0,0,0,0,1
0.051635794,0.806915164,-0.59236151,0,0,0,0,0,0,0,0,0,0,0,0,0,0,0,1
0.048095774,0.808242679,-0.590545714,0,0,0,0,0,0,0,0,0,0,0,0,0,0,1,0
0.050643999,0.803527772,-0.589920104,0,0,0,0,0,0,0,0,0,0,0,0,0,0,1,0
0.052536063,0.799774051,-0.588989377,0,0,0,0,0,0,0,0,0,0,0,0,0,0,1,0
0.053665206,0.799621522,-0.591049254,0,0,0,0,0,0,0,0,0,0,0,0,0,0,1,0
0.050476119,0.805648685,-0.590423644,0,0,0,0,0,0,0,0,0,0,0,0,0,0,1,0
0.051025435,0.803909183,-0.589782774,0,0,0,0,0,0,0,0,0,0,0,0,0,0,1,0
0.049926829,0.803924441,-0.592163146,0,0,0,0,0,0,0,0,0,0,0,0,0,0,1,0
0.052124076,0.799133182,-0.591766417,0,0,0,0,0,0,0,0,0,0,0,0,0,0,1,0
0.053024352,0.799102545,-0.589553893,0,0,0,0,0,0,0,0,0,0,0,0,0,0,1,0
0.04846197,0.802154481,-0.592330992,0,0,0,0,0,0,0,0,0,0,0,0,0,0,1,0
0.047134452,0.798446536,-0.594818115,0,0,0,0,0,0,0,0,0,0,0,0,0,0,1,0
0.046691976,0.808578491,-0.594360292,0,0,0,0,0,0,0,0,0,0,0,0,0,0,1,0
0.045593318,0.798980713,-0.596191525,0,0,0,0,0,0,0,0,0,0,0,0,0,0,1,0
0.048004199,0.800460696,-0.595367551,0,0,0,0,0,0,0,0,0,0,0,0,0,0,1,0
0.048843443,0.798995852,-0.596954405,0,0,0,0,0,0,0,0,0,0,0,0,0,0,1,0
0.046768233,0.798828065,-0.596084654,0,0,0,0,0,0,0,0,0,0,0,0,0,0,1,0
0.048477247,0.796874881,-0.595336974,0,0,0,0,0,0,0,0,0,0,0,0,0,0,1,0
0.045303427,0.799468875,-0.596542418,0,0,0,0,0,0,0,0,0,0,0,0,0,0,1,0
0.047531199,0.798858762,-0.598098636,0,0,0,0,0,0,0,0,0,0,0,0,0,0,1,0
0.048065249,0.791686893,-0.598632872,0,0,0,0,0,0,0,0,0,0,0,0,0,0,1,0
0.04641727,0.79878217,-0.595108092,0,0,0,0,0,0,0,0,0,0,0,0,0,0,1,0
0.045837477,0.798293948,-0.598434508,0,0,0,0,0,0,0,0,0,0,0,0,0,0,1,0
0.04850775,0.797988832,-0.599151671,0,0,0,0,0,0,0,0,0,0,0,0,0,0,1,0
0.048370421,0.797302127,-0.596191466,0,0,0,0,0,0,0,0,0,0,0,0,0,0,1,0
0.049346983,0.799224734,-0.596328735,0,0,0,0,0,0,0,0,0,0,0,0,0,0,1,0
0.04843146,0.798431337,-0.59790051,0,0,0,0,0,0,0,0,0,0,0,0,0,0,1,0
0.048965517,0.803710818,-0.594940245,1,0,0,0,0,0,0,0,0,0,0,0,0,0,0,0
0.050323553,0.796737671,-0.594680846,1,0,0,0,0,0,0,0,0,0,0,0,0,0,0,0
0.049362235,0.803314209,-0.593673825,1,0,0,0,0,0,0,0,0,0,0,0,0,0,0,0
0.049057044,0.797744572,-0.595916748,1,0,0,0,0,0,0,0,0,0,0,0,0,0,0,0
0.050613455,0.802718997,-0.591262817,1,0,0,0,0,0,0,0,0,0,0,0,0,0,0,0
0.051803648,0.804504216,-0.592010498,1,0,0,0,0,0,0,0,0,0,0,0,0,0,0,0
0.050323538,0.79550159,-0.592819273,1,0,0,0,0,0,0,0,0,0,0,0,0,0,0,0
0.052215643,0.808120668,-0.590393186,1,0,0,0,0,0,0,0,0,0,0,0,0,0,0,0
0.050796546,0.805587649,-0.591293335,1,0,0,0,0,0,0,0,0,0,0,0,0,0,0,0
0.057708777,0.807449162,-0.589233398,1,0,0,0,0,0,0,0,0,0,0,0,0,0,0,0
0.058532771,0.812438786,-0.589523315,1,0,0,0,0,0,0,0,0,0,0,0,0,0,0,0
0.060852095,0.798126161,-0.59967041,1,0,0,0,0,0,0,0,0,0,0,0,0,0,0,0
0.06178287,0.803405583,-0.591079772,1,0,0,0,0,0,0,0,0,0,0,0,0,0,0,0
0.055572547,0.817794621,-0.606506348,1,0,0,0,0,0,0,0,0,0,0,0,0,0,0,0
0.081298888,0.798965394,-0.599609435,1,0,0,0,0,0,0,0,0,0,0,0,0,0,0,0
-0.066070493,0.687789857,-0.61264044,1,0,0,0,0,0,0,0,0,0,0,0,0,0,0,0
0.115905814,0.618774354,-0.649795592,1,0,0,0,0,0,0,0,0,0,0,0,0,0,0,0
0.156936709,0.527923465,-0.562026978,1,0,0,0,0,0,0,0,0,0,0,0,0,0,0,0
0.072769232,0.628051639,-0.730316222,1,0,0,0,0,0,0,0,0,0,0,0,0,0,0,0
0.05513004,0.609557986,-0.770675719,1,0,0,0,0,0,0,0,0,0,0,0,0,0,0,0
0.040313772,0.608154178,-0.757003784,1,0,0,0,0,0,0,0,0,0,0,0,0,0,0,0
-0.032424844,0.693984866,-0.771301329,1,0,0,0,0,0,0,0,0,0,0,0,0,0,0,0
-0.075363111,0.597717166,-0.786453247,1,0,0,0,0,0,0,0,0,0,0,0,0,0,0,0
-0.178741366,0.774352968,-0.802352965,1,0,0,0,0,0,0,0,0,0,0,0,0,0,0,0
-0.160522372,0.657180667,-0.736496031,1,0,0,0,0,0,0,0,0,0,0,0,0,0,0,0
-0.236740023,0.558425844,-0.700561583,1,0,0,0,0,0,0,0,0,0,0,0,0,0,0,0
-0.325622469,0.371093631,-0.477401793,1,0,0,0,0,0,0,0,0,0,0,0,0,0,0,0
-0.380523622,0.449737489,-0.644989133,1,0,0,0,0,0,0,0,0,0,0,0,0,0,0,0
-0.423492312,0.832015932,-0.871704221,1,0,0,0,0,0,0,0,0,0,0,0,0,0,0,0
-0.955184817,0.722701967,-0.641479552,1,0,0,0,0,0,0,0,0,0,0,0,0,0,0,0
-0.740981877,0.419250429,-0.550094664,1,0,0,0,0,0,0,0,0,0,0,0,0,0,0,0
-0.790771365,0.291854829,-0.446426481,1,0,0,0,0,0,0,0,0,0,0,0,0,0,0,0
-0.82284528,0.337097108,-0.365081877,1,0,0,0,0,0,0,0,0,0,0,0,0,0,0,0
-0.933990479,0.219192535,-0.393325925,1,0,0,0,0,0,0,0,0,0,0,0,0,0,0,0
-0.998489261,0.170623794,-0.194854885,1,0,0,0,0,0,0,0,0,0,0,0,0,0,0,0
-0.94557178,0.182922386,-0.145080686,1,0,0,0,0,0,0,0,0,0,0,0,0,0,0,0
-0.980300784,-0.008712726,-0.162460476,1,0,0,0,0,0,0,0,0,0,0,0,0,0,0,0
-0.988342226,-0.146438554,-0.112167522,1,0,0,0,0,0,0,0,0,0,0,0,0,0,0,0
-0.988052249,-0.131362841,-0.107711904,1,0,0,0,0,0,0,0,0,0,0,0,0,0,0,0
-0.932189822,-0.331222415,-0.108490083,1,0,0,0,0,0,0,0,0,0,0,0,0,0,0,0
-0.890212834,-0.374221683,0.053741243,1,0,0,0,0,0,0,0,0,0,0,0,0,0,0,0
-0.800155699,-0.564880371,0.115280099,1,0,0,0,0,0,0,0,0,0,0,0,0,0,0,0
-0.842590213,-0.503677189,0.137588419,1,0,0,0,0,0,0,0,0,0,0,0,0,0,0,0
-0.754272401,-0.607482791,0.049682513,1,0,0,0,0,0,0,0,0,0,0,0,0,0,0,0
-0.737930298,-0.715850711,0.008392192,1,0,0,0,0,0,0,0,0,0,0,0,0,0,0,0
-0.81350702,-0.539733768,0.1502074,1,0,0,0,0,0,0,0,0,0,0,0,0,0,0,0
-0.702270567,-0.665023804,0.117034703,1,0,0,0,0,0,0,0,0,0,0,0,0,0,0,0
-0.640472293,-0.744430363,0.205016971,1,0,0,0,0,0,0,0,0,0,0,0,0,0,0,0
-0.810440004,-0.636413395,0.142990038,1,0,0,0,0,0,0,0,0,0,0,0,0,0,0,0
-0.685531616,-0.70048517,0.138244435,1,0,0,0,0,0,0,0,0,0,0,0,0,0,0,0
-0.752304018,-0.650665164,0.122314245,1,0,0,0,0,0,0,0,0,0,0,0,0,0,0,0
-0.726791263,-0.664657474,0.162765324,1,0,0,0,0,0,0,0,0,0,0,0,0,0,0,0
-0.73602289,-0.669067264,0.136108324,1,0,0,0,0,0,0,0,0,0,0,0,0,0,0,0
-0.735855162,-0.664215088,0.121169895,1,0,0,0,0,0,0,0,0,0,0,0,0,0,0,0
-0.74230963,-0.657470703,0.123458728,1,0,0,0,0,0,0,0,0,0,0,0,0,0,0,0
-0.737762451,-0.66130054,0.12620528,1,0,0,0,0,0,0,0,0,0,0,0,0,0,0,0
-0.742813051,-0.646697938,0.160095051,1,0,0,0,0,0,0,0,0,0,0,0,0,0,0,0
-0.726348877,-0.662383914,0.161880314,1,0,0,0,0,0,0,0,0,0,0,0,0,0,0,0
-0.73413074,-0.653259099,0.151839942,1,0,0,0,0,0,0,0,0,0,0,0,0,0,0,0
-0.729019225,-0.65449518,0.153579608,1,0,0,0,0,0,0,0,0,0,0,0,0,0,0,0
-0.735137939,-0.661849976,0.151855364,1,0,0,0,0,0,0,0,0,0,0,0,0,0,0,0
-0.747161925,-0.650894105,0.159377873,1,0,0,0,0,0,0,0,0,0,0,0,0,0,0,0
-0.732955992,-0.657333314,0.152587771,1,0,0,0,0,0,0,0,0,0,0,0,0,0,0,0
-0.732391357,-0.655776918,0.161407262,0,0,0,0,0,0,0,0,0,0,0,0,0,0,1,0
-0.729812622,-0.655074954,0.14700301,0,0,0,0,0,0,0,0,0,0,0,0,0,0,1,0
-0.741577148,-0.653335512,0.151870519,0,0,0,0,0,0,0,0,0,0,0,0,0,0,1,0
-0.748413086,-0.647399843,0.147338763,0,0,0,0,0,0,0,0,0,0,0,0,0,0,1,0
-0.734024048,-0.660125613,0.148299962,0,0,0,0,0,0,0,0,0,0,0,0,0,0,1,0
-0.729629636,-0.665176332,0.151168719,0,0,0,0,0,0,0,0,0,0,0,0,0,0,1,0
-0.746643007,-0.646926761,0.164825261,0,0,0,0,0,0,0,0,0,0,0,0,0,0,1,0
-0.740539491,-0.649688542,0.149307042,0,0,0,0,0,0,0,0,0,0,0,0,0,0,1,0
-0.744018555,-0.646423221,0.148544207,0,0,0,0,0,0,0,0,0,0,0,0,0,0,1,0
-0.7396698,-0.643585145,0.162154958,0,0,0,0,0,0,0,0,0,0,0,0,0,0,1,0
-0.746627748,-0.649017215,0.144714221,0,0,0,0,0,0,0,0,0,0,0,0,0,0,1,0
-0.75680542,-0.656219363,0.133483797,0,0,0,0,0,0,0,0,0,0,0,0,0,0,1,0
-0.739395082,-0.648269594,0.159271106,0,0,0,0,0,0,0,0,0,0,0,0,0,0,1,0
-0.737197816,-0.654052615,0.163924977,0,0,0,0,0,0,0,0,0,0,0,0,0,0,1,0
-0.750701845,-0.646743596,0.147964269,0,0,0,0,0,0,0,0,0,0,0,0,0,0,1,0
-0.730758667,-0.656204164,0.157028079,0,0,0,0,0,0,0,0,0,0,0,0,0,0,1,0
-0.744766116,-0.651046634,0.151534885,0,0,0,0,0,0,0,0,0,0,0,0,0,0,1,0
-0.739608765,-0.661437929,0.15538007,0,0,0,0,0,0,0,0,0,0,0,0,0,0,1,0
-0.733886719,-0.653137207,0.159118459,0,0,0,0,0,0,0,0,0,0,0,0,0,0,1,0
-0.738174438,-0.652175784,0.15632619,0,0,0,0,0,0,0,0,0,0,0,0,0,0,1,0
-0.73638916,-0.657150149,0.170547277,0,0,0,0,0,0,0,0,0,0,0,0,0,0,1,0
-0.729690492,-0.654601932,0.166488469,0,0,0,0,0,0,0,0,0,0,0,0,0,0,1,0
-0.735931456,-0.653961122,0.163619876,0,0,0,0,0,0,0,0,0,0,0,0,0,0,1,0
-0.739624023,-0.655929506,0.158416599,0,0,0,0,0,0,0,0,0,0,0,0,0,0,1,0
-0.725967407,-0.653167665,0.173553437,0,0,0,0,0,0,0,0,0,0,0,0,0,0,1,0
-0.72996515,-0.656509221,0.166930944,0,0,0,0,0,0,0,0,0,0,0,0,0,0,1,0
-0.738830507,-0.66130054,0.16387926,0,0,0,0,0,0,0,0,0,0,0,0,0,0,1,0
-0.733154237,-0.652679265,0.164810002,0,0,0,0,0,0,0,0,0,0,0,0,0,0,1,0
-0.724868774,-0.660095155,0.173019245,0,0,0,0,0,0,0,0,0,0,0,0,0,0,1,0
-0.736724734,-0.652389407,0.170486212,0,0,0,0,0,0,0,0,0,0,0,0,0,0,1,0
-0.725463867,-0.657653749,0.175231755,0,0,0,0,0,0,0,0,0,0,0,0,0,0,1,0
-0.735733092,-0.649719179,0.162750155,0,0,0,0,0,0,0,0,0,0,0,0,0,0,1,0
-0.740859866,-0.660003543,0.1620024,0,0,0,0,0,0,0,0,0,0,0,0,0,0,1,0
-0.728591979,-0.657226563,0.167083591,0,0,0,0,0,0,0,0,0,0,0,0,0,0,1,0
-0.725906432,-0.659469604,0.16589348,0,0,0,0,0,0,0,0,0,0,0,0,0,0,1,0
-0.732681334,-0.656539917,0.164993182,0,0,0,0,0,0,0,0,0,0,0,0,0,0,1,0
-0.732131898,-0.656997502,0.16641213,0,0,0,0,0,0,0,0,0,0,0,0,0,0,1,0
-0.722702026,-0.66835016,0.170074299,0,0,0,0,0,0,0,0,0,0,0,0,0,0,1,0
-0.74031055,-0.654357672,0.16546604,0,0,0,0,0,0,0,0,0,0,0,0,0,0,1,0
-0.737640321,-0.652130008,0.16464217,0,0,0,0,0,0,0,0,0,0,0,0,0,0,1,0
-0.728713989,-0.663650453,0.167343095,0,0,0,0,0,0,0,0,0,0,0,0,0,0,1,0
-0.733596683,-0.659301579,0.171066105,0,0,0,0,0,0,0,0,0,0,0,0,0,0,1,0
-0.731018126,-0.661682129,0.161147937,0,0,0,0,0,0,0,0,0,0,0,0,0,0,1,0
-0.731124818,-0.6527403,0.166091666,0,0,0,0,0,0,0,0,0,0,0,0,0,0,1,0
-0.718963563,-0.66117847,0.183379859,0,0,0,0,0,0,0,0,0,0,0,0,0,0,1,0
-0.719635069,-0.66116333,0.183242649,0,0,0,0,0,0,0,0,0,0,0,0,0,0,1,0
-0.728210509,-0.65737915,0.174484208,0,0,0,0,0,0,0,0,0,0,0,0,0,0,1,0
-0.732437134,-0.651061952,0.171752751,0,0,0,0,0,0,0,0,0,0,0,0,0,0,1,0
-0.717224061,-0.654647708,0.179931447,0,0,0,0,0,0,0,0,0,0,0,0,0,0,1,0
-0.722488344,-0.658950746,0.183257908,0,0,0,0,0,0,0,0,0,0,0,0,0,0,1,0
-0.729217589,-0.655471742,0.172424182,0,0,0,0,0,0,0,0,0,0,0,0,0,0,1,0
-0.733215332,-0.650497377,0.168380663,0,0,0,0,0,0,0,0,0,0,0,0,0,0,1,0
-0.739990175,-0.658096135,0.168517843,0,0,0,0,0,0,0,0,0,0,0,0,0,0,1,0
-0.73348999,-0.659545839,0.176620364,0,0,0,0,0,0,0,0,0,0,0,0,0,0,1,0
-0.728866577,-0.661224365,0.16911307,0,0,0,0,0,0,0,0,0,0,0,0,0,0,1,0
-0.722335815,-0.661453187,0.174774066,0,0,0,0,0,0,0,0,0,0,0,0,0,0,1,0
-0.724136353,-0.660308778,0.177306876,0,0,0,0,0,0,0,0,0,0,0,0,0,0,1,0
-0.740692019,-0.646926761,0.16987592,0,0,0,0,0,0,0,0,0,0,0,0,0,0,1,0
-0.736755311,-0.657943606,0.172057912,0,0,0,0,0,0,0,0,0,0,0,0,0,0,1,0
-0.723510683,-0.663467228,0.175247118,0,0,0,0,0,0,0,0,0,0,0,0,0,0,1,0
-0.725006104,-0.647827089,0.166351229,0,0,0,0,0,0,0,0,0,0,0,0,0,0,1,0
-0.732528746,-0.659423769,0.177185029,0,0,0,0,0,0,0,0,0,0,0,0,0,0,1,0
-0.733917236,-0.66317749,0.175964206,0,0,0,0,0,0,0,0,0,0,0,0,0,0,1,0
-0.731689453,-0.657440186,0.180068746,0,0,0,0,0,0,0,0,0,0,0,0,0,0,1,0
-0.732421756,-0.647277713,0.178695604,0,0,0,0,0,0,0,0,0,0,0,0,0,0,1,0
-0.721679568,-0.662154973,0.18814075,0,0,0,0,0,0,0,0,0,0,0,0,0,0,1,0
-0.725570619,-0.655822635,0.179305792,0,0,0,0,0,0,0,0,0,0,0,0,0,0,1,0
-0.722747922,-0.665786684,0.179305896,0,0,0,0,0,0,0,0,0,0,0,0,0,0,1,0
-0.72227478,-0.657318056,0.185073733,0,0,0,0,0,0,0,0,0,0,0,0,0,0,1,0
-0.721435487,-0.658065617,0.172790349,0,0,0,0,0,0,0,0,0,0,0,0,0,0,1,0
-0.72883606,-0.65612781,0.174926504,0,0,0,0,0,0,0,0,0,0,0,0,0,0,1,0
-0.728973389,-0.655731142,0.176071018,0,0,0,0,0,0,0,0,0,0,0,0,0,0,1,0
-0.726745486,-0.662719607,0.172851354,0,0,0,0,0,0,0,0,0,0,0,0,0,0,1,0
-0.732849181,-0.654418945,0.179046512,0,0,0,0,0,0,0,0,0,0,0,0,0,0,1,0
-0.722427368,-0.661621034,0.185638294,0,0,0,0,0,0,0,0,0,0,0,0,0,0,1,0
-0.727050781,-0.65689081,0.183028966,0,0,0,0,0,0,0,0,0,0,0,0,0,0,1,0
-0.72265625,-0.664779663,0.173324496,0,0,0,0,0,0,0,0,0,0,0,0,0,0,1,0
-0.721633852,-0.667358279,0.169082478,0,0,0,0,0,0,0,0,0,0,0,0,0,0,1,0
-0.727767944,-0.664321899,0.171356112,0,0,0,0,0,0,0,0,0,0,0,0,0,0,1,0
-0.724334717,-0.662567079,0.17315653,0,0,0,0,0,0,0,0,0,0,0,0,0,0,1,0
-0.728393614,-0.659164369,0.178329378,0,0,0,0,0,0,0,0,0,0,0,0,0,0,1,0
-0.709701478,-0.682617068,0.196624592,0,0,0,0,0,0,0,0,0,0,0,0,0,0,1,0
-0.718444705,-0.668212771,0.205016881,0,0,0,0,0,0,0,0,0,0,0,0,0,0,1,0
-0.721786439,-0.660781741,0.195693731,0,0,0,0,0,0,0,0,0,0,0,0,0,0,1,0
-0.712661803,-0.671295166,0.194381565,0,0,0,0,0,0,0,0,0,0,0,0,0,0,1,0
-0.717056334,-0.670135438,0.185821399,0,0,0,0,0,0,0,0,0,0,0,0,0,0,1,0
-0.719467163,-0.669357181,0.185470447,0,0,0,0,0,0,0,0,0,0,0,0,0,0,1,0
-0.715133727,-0.66607666,0.179962084,0,0,0,0,0,0,0,0,0,0,0,0,0,0,1,0
-0.71446234,-0.671234131,0.176544026,0,0,0,0,0,0,0,0,0,0,0,0,0,0,1,0
-0.719039917,-0.67050159,0.182800144,0,0,0,0,0,0,0,0,0,0,0,0,0,0,1,0
-0.719192564,-0.670013428,0.195129275,0,0,0,0,0,0,0,0,0,0,0,0,0,0,1,0
-0.707870424,-0.666274905,0.1847381,0,0,0,0,0,0,0,0,0,0,0,0,0,0,1,0
-0.713363767,-0.659225583,0.180435091,0,0,0,0,0,0,0,0,0,0,0,0,0,0,1,0
-0.720428526,-0.668197632,0.170471027,0,0,0,0,0,0,0,0,0,0,0,0,0,0,1,0
-0.713897645,-0.677825749,0.182876363,0,0,0,0,0,0,0,0,0,0,0,0,0,0,1,0
-0.720245242,-0.666610599,0.192108035,0,0,0,0,0,0,0,0,0,0,0,0,0,0,1,0
-0.699630797,-0.683242738,0.18630968,0,0,0,0,0,0,0,0,0,0,0,0,0,0,1,0
-0.711456299,-0.668823123,0.190124363,0,0,0,0,0,0,0,0,0,0,0,0,0,0,1,0
-0.718536377,-0.667312562,0.17861928,0,0,0,0,0,0,0,0,0,0,0,0,0,0,1,0
-0.710571289,-0.673965394,0.181197986,0,0,0,0,0,0,0,0,0,0,0,0,0,0,1,0
-0.719299316,-0.662918031,0.176238894,0,0,0,0,0,0,0,0,0,0,0,0,0,0,1,0
-0.722289979,-0.666809022,0.179641619,0,0,0,0,0,0,0,0,0,0,0,0,0,0,1,0
-0.71232599,-0.675353885,0.190566853,0,0,0,0,0,0,0,0,0,0,0,0,0,0,1,0
-0.714111269,-0.669067204,0.175933748,0,0,0,0,0,0,0,0,0,0,0,0,0,0,1,0
-0.719467342,-0.668884337,0.179214373,0,0,0,0,0,0,0,0,0,0,0,0,0,0,1,0
-0.725097597,-0.671691775,0.188644156,0,0,0,0,0,0,0,0,0,0,0,0,0,0,1,0
-0.719360352,-0.664108217,0.186981067,0,0,0,0,0,0,0,0,0,0,0,0,0,0,1,0
-0.715179443,-0.666793764,0.18524152,0,0,0,0,0,0,0,0,0,0,0,0,0,0,1,0
-0.716278076,-0.666076601,0.18183881,0,0,0,0,0,0,0,0,0,0,0,0,0,0,1,0
-0.727783203,-0.663207948,0.181640446,0,0,0,0,0,0,0,0,0,0,0,0,0,0,1,0
-0.716934204,-0.666641116,0.189300478,0,0,0,0,0,0,0,0,0,0,0,0,0,0,1,0
-0.711227417,-0.674728274,0.176803485,0,0,0,0,0,0,0,0,0,0,0,0,0,0,1,0
-0.722579956,-0.659729004,0.182891652,0,0,0,0,0,0,0,0,0,0,0,0,0,0,1,0
-0.720046818,-0.670318365,0.185226232,0,0,0,0,0,0,0,0,0,0,0,0,0,0,1,0
-0.710800052,-0.670776248,0.185592443,0,0,0,0,0,0,0,0,0,0,0,0,0,0,1,0
-0.70880127,-0.671554506,0.183486715,0,0,0,0,0,0,0,0,0,0,0,0,0,0,1,0
-0.727371097,-0.664001346,0.184768468,0,0,0,0,0,0,0,0,0,0,0,0,0,0,1,0
-0.715957642,-0.673431277,0.186340153,0,0,0,0,0,0,0,0,0,0,0,0,0,0,1,0
-0.723754823,-0.659515262,0.170196414,0,0,0,0,0,0,0,0,0,0,0,0,0,0,1,0
-0.718047976,-0.669128239,0.175033391,0,0,0,0,0,0,0,0,0,0,0,0,0,0,1,0
-0.73588562,-0.657577455,0.191390783,0,0,0,0,0,0,0,0,0,0,0,0,0,0,1,0
-0.722747743,-0.657592714,0.186904773,0,0,0,0,0,0,0,0,0,0,0,0,0,0,1,0
-0.717941403,-0.662139893,0.174392581,0,0,0,0,0,0,0,0,0,0,0,0,0,0,1,0
-0.705169678,-0.679717958,0.196578801,0,0,0,0,0,0,0,0,0,0,0,0,0,0,1,0
-0.720367551,-0.662521482,0.186904758,0,0,0,0,0,0,0,0,0,0,0,0,0,0,1,0
-0.727035582,-0.657409608,0.186310023,0,0,0,0,0,0,0,0,0,0,0,0,0,0,1,0
-0.725067139,-0.658264101,0.178512454,0,0,0,0,0,0,0,0,0,0,0,0,0,0,1,0
-0.711791933,-0.668197513,0.184142858,0,0,0,0,0,0,0,0,0,0,0,0,0,0,1,0
-0.715621829,-0.669570684,0.180251852,0,0,0,0,0,0,0,0,0,0,0,0,0,0,1,0
-0.731231749,-0.656478822,0.179015964,0,0,0,0,0,0,0,0,0,0,0,0,0,0,1,0
-0.717895567,-0.670379639,0.189697176,0,0,0,0,0,0,0,0,0,0,0,0,0,0,1,0
-0.711166322,-0.665466189,0.186919928,0,0,0,0,0,0,0,0,0,0,0,0,0,0,1,0
-0.722228944,-0.659927189,0.181548849,0,0,0,0,0,0,0,0,0,0,0,0,0,0,1,0
-0.716277957,-0.670715153,0.19097884,0,0,0,0,0,0,0,0,0,0,0,0,0,0,1,0
-0.7189942,-0.66331476,0.191711321,0,0,0,0,0,0,0,0,0,0,0,0,0,0,1,0
-0.722259521,-0.663543642,0.195419118,0,0,0,0,0,0,0,0,0,0,0,0,0,0,1,0
-0.717666507,-0.667266726,0.18568404,0,0,0,0,0,0,0,0,0,0,0,0,0,0,1,0
-0.724731505,-0.662246704,0.189681813,0,0,0,0,0,0,0,0,0,0,0,0,0,0,1,0
-0.711639285,-0.671859622,0.189025789,0,0,0,0,0,0,0,0,0,0,0,0,0,0,1,0
-0.720077336,-0.666793644,0.174834967,0,0,0,0,0,0,0,0,0,0,0,0,0,0,1,0
-0.723647952,-0.658721805,0.193221942,0,0,0,0,0,0,0,0,0,0,0,0,0,0,1,0
-0.718292296,-0.665710449,0.186828539,0,0,0,0,0,0,0,0,0,0,0,0,0,0,1,0
-0.714584231,-0.669906437,0.189803839,0,0,0,0,0,0,0,0,0,0,0,0,0,0,1,0
-0.7207793,-0.662902653,0.184951633,0,0,0,0,0,0,0,0,0,0,0,0,0,0,1,0
-0.717468202,-0.664428651,0.189391956,0,0,0,0,0,0,0,0,0,0,0,0,0,0,1,0
-0.720764041,-0.663452029,0.18234241,0,0,0,0,0,0,0,0,0,0,0,0,0,0,1,0
-0.722213686,-0.665862858,0.191406056,0,0,0,0,0,0,0,0,0,0,0,0,0,0,1,0
-0.725234926,-0.665633976,0.180267215,0,0,0,0,0,0,0,0,0,0,0,0,0,0,1,0
-0.718612671,-0.665985048,0.182266116,0,0,0,0,0,0,0,0,0,0,0,0,0,0,1,0
-0.721084654,-0.66015619,0.179748461,0,0,0,0,0,0,0,0,0,0,0,0,0,0,1,0
-0.724395752,-0.668106019,0.196380481,0,0,0,0,0,0,0,0,0,0,0,0,0,0,1,0
-0.713973939,-0.669097781,0.196639821,0,0,0,0,0,0,0,0,0,0,0,0,0,0,1,0
-0.722488403,-0.660247743,0.186263859,0,0,0,0,0,0,0,0,0,0,0,0,0,0,1,0
-0.723312259,-0.665649235,0.191146597,0,0,0,0,0,0,0,0,0,0,0,0,0,0,1,0
-0.721328735,-0.663543701,0.183776692,0,0,0,0,0,0,0,0,0,0,0,0,0,0,1,0
-0.718856812,-0.666000307,0.19248943,0,0,0,0,0,0,0,0,0,0,0,0,0,0,1,0
-0.728622317,-0.660842776,0.188354358,0,0,0,0,0,0,0,0,0,0,0,0,0,0,1,0
-0.723998845,-0.659759343,0.180511236,0,0,0,0,0,0,0,0,0,0,0,0,0,0,1,0
-0.721099794,-0.665283024,0.188125461,0,0,0,0,0,0,0,0,0,0,0,0,0,0,1,0
-0.720672488,-0.667281985,0.190353155,0,0,0,0,0,0,0,0,0,0,0,0,0,0,1,0
-0.711700439,-0.665603518,0.186935216,0,0,0,0,0,0,0,0,0,0,0,0,0,0,1,0
-0.716674745,-0.66268903,0.186477423,0,0,0,0,0,0,0,0,0,0,0,0,0,0,1,0
-0.716140687,-0.662292302,0.199783131,0,0,0,0,0,0,0,0,0,0,0,0,0,0,1,0
-0.721923769,-0.662155092,0.186157063,0,0,0,0,0,0,0,0,0,0,0,0,0,0,1,0
-0.72819525,-0.66305536,0.180404469,0,0,0,0,0,0,0,0,0,0,0,0,0,0,1,0
-0.717590332,-0.666427612,0.184646547,0,0,0,0,0,0,0,0,0,0,0,0,0,0,1,0
-0.730911314,-0.656875551,0.177642658,0,0,0,0,0,0,0,0,0,0,0,0,0,0,1,0
-0.723052979,-0.670410037,0.174239948,0,0,0,0,0,0,0,0,0,0,0,0,0,0,1,0
-0.720657289,-0.658828616,0.184890583,0,0,0,0,0,0,0,0,0,0,0,0,0,0,1,0
-0.717315614,-0.660583377,0.188583165,0,0,0,0,0,0,0,0,0,0,0,0,0,0,1,0
-0.715270936,-0.6688537,0.18246451,0,0,0,0,0,0,0,0,0,0,0,0,0,0,1,0
-0.734176695,-0.661132813,0.187332004,0,0,0,0,0,0,0,0,0,0,0,0,0,0,1,0
-0.722137451,-0.66595453,0.167129457,0,0,0,0,0,0,0,0,0,0,0,0,0,0,1,0
-0.7172243,-0.670013547,0.189407334,0,0,0,0,0,0,0,0,0,0,0,0,0,0,1,0
-0.725372255,-0.663757145,0.199020281,0,0,0,0,0,0,0,0,0,0,0,0,0,0,1,0
-0.71850574,-0.662505865,0.178619146,0,0,0,0,0,0,0,0,0,0,0,0,0,0,1,0
-0.716918826,-0.66697681,0.195373446,0,0,0,0,0,0,0,0,0,0,0,0,0,0,1,0
-0.717392027,-0.666503906,0.191970706,0,0,0,0,0,0,0,0,0,0,0,0,0,0,1,0
-0.721176207,-0.661071777,0.174392655,0,0,0,0,0,0,0,0,0,0,0,0,0,0,1,0
-0.719955325,-0.663299322,0.185867131,0,0,0,0,0,0,0,0,0,0,0,0,0,0,1,0
-0.712829769,-0.667221069,0.182983682,0,0,0,0,0,0,0,0,0,0,0,0,0,0,1,0
-0.725311339,-0.661224306,0.17094408,0,0,0,0,0,0,0,0,0,0,0,0,0,0,1,0
-0.729507506,-0.666015625,0.185134798,0,0,0,0,0,0,0,0,0,0,0,0,0,0,1,0
-0.721466064,-0.662689149,0.188735858,0,0,0,0,0,0,0,0,0,0,0,0,0,0,1,0
-0.720123291,-0.666107059,0.17793256,0,0,0,0,0,0,0,0,0,0,0,0,0,0,1,0
-0.738281131,-0.645721257,0.195266455,0,0,0,0,0,0,0,0,0,0,0,0,0,0,1,0
-0.739837527,-0.655700445,0.176284596,0,0,0,0,0,0,0,0,0,0,0,0,0,0,1,0
-0.711425722,-0.669937015,0.195907444,0,0,0,0,0,0,0,0,0,0,0,0,0,0,1,0
-0.720687866,-0.65499872,0.196716189,0,0,0,0,0,0,0,0,0,0,0,0,0,0,1,0
-0.717071474,-0.659988344,0.185790867,0,0,0,0,0,0,0,0,0,0,0,0,0,0,1,0
-0.735778868,-0.65788269,0.176086321,0,0,0,0,0,0,0,0,0,0,0,0,0,0,1,0
-0.744018555,-0.651031435,0.171127111,0,0,0,0,0,0,0,0,0,0,0,0,0,0,1,0
-0.731186092,-0.662689269,0.17811574,0,0,0,0,0,0,0,0,0,0,0,0,0,0,1,0
-0.74407953,-0.657806277,0.169341877,0,0,0,0,0,0,0,0,0,0,0,0,0,0,1,0
-0.713729858,-0.651229799,0.188384861,0,0,0,0,0,0,0,0,0,0,0,0,0,0,1,0
-0.707946658,-0.669448733,0.176818639,0,0,0,0,0,0,0,0,0,0,0,0,0,0,1,0
-0.726684511,-0.660659611,0.168227941,0,0,0,0,0,0,0,0,0,0,0,0,0,0,1,0
-0.735824585,-0.649566531,0.177474782,0,0,0,0,0,0,0,0,0,0,0,0,0,0,1,0
-0.730026364,-0.658477843,0.168426454,0,0,0,0,0,0,0,0,0,0,0,0,0,0,1,0
-0.718551576,-0.669845402,0.179244787,0,0,0,0,0,0,0,0,0,0,0,0,0,0,1,0
-0.723404109,-0.663085997,0.157562241,0,0,0,0,0,0,0,0,0,0,0,0,0,0,1,0
-0.737091005,-0.658004642,0.15274027,0,0,0,0,0,0,0,0,0,0,0,0,0,0,1,0
-0.705383301,-0.691101074,0.180785984,0,0,0,0,0,0,0,0,0,0,0,0,0,0,1,0
-0.739914,-0.640518188,0.174987674,0,0,0,0,0,0,0,0,0,0,0,0,0,0,1,0
-0.719818175,-0.657211304,0.190856799,0,0,0,0,0,0,0,0,0,0,0,0,0,0,1,0
-0.72468555,-0.660201848,0.19444263,0,0,0,0,0,0,0,0,0,0,0,0,0,0,1,0
-0.719695926,-0.664901495,0.177306846,0,0,0,0,0,0,0,0,0,0,0,0,0,0,1,0
-0.746002138,-0.653259158,0.149352834,0,0,0,0,0,0,0,0,0,0,0,0,0,0,1,0
-0.734542727,-0.669586003,0.155212268,0,0,0,0,0,0,0,0,0,0,0,0,0,0,1,0
-0.72619617,-0.659927189,0.174865544,0,0,0,0,0,0,0,0,0,0,0,0,0,0,1,0
-0.723236084,-0.66053766,0.173324451,0,0,0,0,0,0,0,0,0,0,0,0,0,0,1,0
-0.733413637,-0.659286439,0.185974002,0,0,0,0,0,0,0,0,0,0,0,0,0,0,1,0
-0.735092163,-0.645034671,0.180312961,0,0,0,0,0,0,0,0,0,0,0,0,0,0,1,0
-0.704727173,-0.676833987,0.170318469,0,0,0,0,0,0,0,0,0,0,0,0,0,0,1,0
-0.729171693,-0.658569276,0.163803026,0,0,0,0,0,0,0,0,0,0,0,0,0,0,1,0
-0.735900939,-0.660598695,0.168350071,0,0,0,0,0,0,0,0,0,0,0,0,0,0,1,0
-0.721984923,-0.667480409,0.182998478,0,0,0,0,0,0,0,0,0,0,0,0,0,0,1,0
-0.728286684,-0.654693484,0.178603962,0,0,0,0,0,0,0,0,0,0,0,0,0,0,1,0
-0.732604921,-0.654922366,0.173934817,0,0,0,0,0,0,0,0,0,0,0,0,0,0,1,0
-0.724853516,-0.667190492,0.178924412,0,0,0,0,0,0,0,0,0,0,0,0,0,0,1,0
-0.727584779,-0.657684267,0.17529273,0,0,0,0,0,0,0,0,0,0,0,0,0,0,1,0
-0.722381532,-0.661605775,0.179855198,0,0,0,0,0,0,0,0,0,0,0,0,0,0,1,0
-0.716415286,-0.671066165,0.179809377,0,0,0,0,0,0,0,0,0,0,0,0,0,0,1,0
-0.727585018,-0.658447325,0.179183826,0,0,0,0,0,0,0,0,0,0,0,0,0,0,1,0
-0.725585878,-0.660064578,0.168563634,0,0,0,0,0,0,0,0,0,0,0,0,0,0,1,0
-0.727905154,-0.659713566,0.179489002,0,0,0,0,0,0,0,0,0,0,0,0,0,0,1,0
-0.727844179,-0.658386052,0.177825764,0,0,0,0,0,0,0,0,0,0,0,0,0,0,1,0
-0.719101012,-0.664138734,0.169586048,0,0,0,0,0,0,0,0,0,0,0,0,0,0,1,0
-0.724700928,-0.657089174,0.171615422,0,0,0,0,0,0,0,0,0,0,0,0,0,0,1,0
-0.721618652,-0.667129397,0.179595813,0,0,0,0,0,0,0,0,0,0,0,0,0,0,1,0
-0.726760864,-0.661376834,0.168273747,0,0,0,0,0,0,0,0,0,0,0,0,0,0,1,0
-0.72996515,-0.662200749,0.200500309,0,0,0,0,0,0,0,0,0,0,0,0,0,0,1,0
-0.726165652,-0.661773562,0.184722736,0,0,0,0,0,0,0,0,0,0,0,0,0,0,1,0
-0.716186583,-0.666137636,0.170516849,0,0,0,0,0,0,0,0,0,0,0,0,0,0,1,0
-0.715270996,-0.664153934,0.179290622,0,0,0,0,0,0,0,0,0,0,0,0,0,0,1,0
-0.726333678,-0.655792236,0.181365833,0,0,0,0,0,0,0,0,0,0,0,0,0,0,1,0
-0.728912294,-0.659591556,0.177963093,0,0,0,0,0,0,0,0,0,0,0,0,0,0,1,0
-0.723724425,-0.664306641,0.177627459,0,0,0,0,0,0,0,0,0,0,0,0,0,0,1,0
-0.726211488,-0.6635741,0.18095386,0,0,0,0,0,0,0,0,0,0,0,0,0,0,1,0
-0.727279663,-0.656188846,0.177093327,0,0,0,0,0,0,0,0,0,0,0,0,0,0,1,0
-0.721267641,-0.663955629,0.171249226,0,0,0,0,0,0,0,0,0,0,0,0,0,0,1,0
-0.727127016,-0.666183352,0.172988713,0,0,0,0,0,0,0,0,0,0,0,0,0,0,1,0
-0.72630316,-0.662384033,0.17604059,0,0,0,0,0,0,0,0,0,0,0,0,0,0,1,0
-0.714782715,-0.664611757,0.184249654,0,0,0,0,0,0,0,0,0,0,0,0,0,0,1,0
-0.726852357,-0.665099978,0.176467687,0,0,0,0,0,0,0,0,0,0,0,0,0,0,1,0
-0.735366821,-0.659561038,0.161712542,0,0,0,0,0,0,0,0,0,0,0,0,0,0,1,0
-0.722869873,-0.665664613,0.168960422,0,0,0,0,0,0,0,0,0,0,0,0,0,0,1,0
-0.718536437,-0.664413393,0.174514592,0,0,0,0,0,0,0,0,0,0,0,0,0,0,1,0
-0.726104915,-0.657837033,0.172164917,0,0,0,0,0,0,0,0,0,0,0,0,0,0,1,0
-0.719085753,-0.668380737,0.17900075,0,0,0,0,0,0,0,0,0,0,0,0,0,0,1,0
-0.719406128,-0.666152835,0.172851458,0,0,0,0,0,0,0,0,0,0,0,0,0,0,1,0
-0.729934633,-0.66116327,0.175018102,0,0,0,0,0,0,0,0,0,0,0,0,0,0,1,0
-0.723831177,-0.658752441,0.177963108,0,0,0,0,0,0,0,0,0,0,0,0,0,0,1,0
-0.713562012,-0.668929935,0.173705906,0,0,0,0,0,0,0,0,0,0,0,0,0,0,1,0
-0.717132568,-0.672485292,0.173293948,0,0,0,0,0,0,0,0,0,0,0,0,0,0,1,0
-0.727279723,-0.662567079,0.169891253,0,0,0,0,0,0,0,0,0,0,0,0,0,0,1,0
-0.733459413,-0.653671145,0.174499333,0,0,0,0,0,0,0,0,0,0,0,0,0,0,1,0
-0.719345033,-0.669006228,0.178878605,0,0,0,0,0,0,0,0,0,0,0,0,0,0,1,0
-0.721923828,-0.659805238,0.173766941,0,0,0,0,0,0,0,0,0,0,0,0,0,0,1,0
-0.717468321,-0.667938173,0.180724874,0,0,0,0,0,0,0,0,0,0,0,0,0,0,1,0
-0.72845453,-0.652923465,0.176696599,0,0,0,0,0,0,0,0,0,0,0,0,0,0,1,0
-0.722549498,-0.669204652,0.178008869,0,0,0,0,0,0,0,0,0,0,0,0,0,0,1,0
-0.733841002,-0.655914307,0.175170735,0,0,0,0,0,0,0,0,0,0,0,0,0,0,0,0
-0.726653814,-0.658355474,0.180267125,0,1,0,0,0,0,0,0,0,0,0,0,0,0,0,0
-0.716979921,-0.67478931,0.169509709,0,1,0,0,0,0,0,0,0,0,0,0,0,0,0,0
-0.719024599,-0.664718568,0.17825301,0,1,0,0,0,0,0,0,0,0,0,0,0,0,0,0
-0.735336244,-0.657348514,0.171890125,0,1,0,0,0,0,0,0,0,0,0,0,0,0,0,0
-0.733642519,-0.654144168,0.172149435,0,1,0,0,0,0,0,0,0,0,0,0,0,0,0,0
-0.718017578,-0.659652591,0.177352667,0,1,0,0,0,0,0,0,0,0,0,0,0,0,0,0
-0.727508485,-0.653930545,0.186034963,0,1,0,0,0,0,0,0,0,0,0,0,0,0,0,0
-0.733520567,-0.658309937,0.171172917,0,1,0,0,0,0,0,0,0,0,0,0,0,0,0,0
-0.723373353,-0.66117841,0.177993536,0,1,0,0,0,0,0,0,0,0,0,0,0,0,0,0
-0.731445193,-0.665252507,0.175430134,0,1,0,0,0,0,0,0,0,0,0,0,0,0,0,0
-0.729812682,-0.649871707,0.186996326,0,1,0,0,0,0,0,0,0,0,0,0,0,0,0,0
-0.714431643,-0.696258366,0.188537374,0,1,0,0,0,0,0,0,0,0,0,0,0,0,0,0
-0.725494325,-0.669341862,0.167068273,0,1,0,0,0,0,0,0,0,0,0,0,0,0,0,0
-0.743988037,-0.624862671,0.177154407,0,1,0,0,0,0,0,0,0,0,0,0,0,0,0,0
-0.759979129,-0.658126712,0.119262569,0,1,0,0,0,0,0,0,0,0,0,0,0,0,0,0
-0.759078979,-0.645706058,0.071517803,0,1,0,0,0,0,0,0,0,0,0,0,0,0,0,0
-0.790054142,-0.61001569,0.111037999,0,1,0,0,0,0,0,0,0,0,0,0,0,0,0,0
-0.804275632,-0.587570131,0.050765797,0,1,0,0,0,0,0,0,0,0,0,0,0,0,0,0
-0.811447144,-0.534820437,0.047210552,0,1,0,0,0,0,0,0,0,0,0,0,0,0,0,0
-1.00166297,-0.541763127,0.072967356,0,1,0,0,0,0,0,0,0,0,0,0,0,0,0,0
-0.837860107,-0.418884218,-0.058593884,0,1,0,0,0,0,0,0,0,0,0,0,0,0,0,0
-0.909561098,-0.336532533,-0.099701017,0,1,0,0,0,0,0,0,0,0,0,0,0,0,0,0
-0.921859562,-0.270736605,-0.021225125,0,1,0,0,0,0,0,0,0,0,0,0,0,0,0,0
-0.908065856,-0.270385712,-0.165603742,0,1,0,0,0,0,0,0,0,0,0,0,0,0,0,0
-1.020629704,-0.181716859,-0.122329831,0,1,0,0,0,0,0,0,0,0,0,0,0,0,0,0
-1.004074097,-0.10894772,-0.152801722,0,1,0,0,0,0,0,0,0,0,0,0,0,0,0,0
-0.958007574,-0.061569192,-0.187728986,0,1,0,0,0,0,0,0,0,0,0,0,0,0,0,0
-0.948959172,0.098297134,-0.216491818,0,1,0,0,0,0,0,0,0,0,0,0,0,0,0,0
-0.926086307,0.242034912,-0.249923825,0,1,0,0,0,0,0,0,0,0,0,0,0,0,0,0
-0.988540649,0.29397586,-0.186889768,0,1,0,0,0,0,0,0,0,0,0,0,0,0,0,0
-0.980895877,0.317703247,-0.286377072,0,1,0,0,0,0,0,0,0,0,0,0,0,0,0,0
-0.782989562,0.424621612,-0.274093777,0,1,0,0,0,0,0,0,0,0,0,0,0,0,0,0
-0.710418522,0.530868471,-0.383712888,0,1,0,0,0,0,0,0,0,0,0,0,0,0,0,0
-0.659072757,0.64189136,-0.435455441,0,1,0,0,0,0,0,0,0,0,0,0,0,0,0,0
-0.641403079,0.661376894,-0.322494596,0,1,0,0,0,0,0,0,0,0,0,0,0,0,0,0
-0.56036365,0.610732973,-0.54599008,0,1,0,0,0,0,0,0,0,0,0,0,0,0,0,0
-0.492370516,0.720306277,-0.538910031,0,1,0,0,0,0,0,0,0,0,0,0,0,0,0,0
-0.395461917,0.781585574,-0.488617003,0,1,0,0,0,0,0,0,0,0,0,0,0,0,0,0
-0.335876405,0.704574525,-0.577148557,0,1,0,0,0,0,0,0,0,0,0,0,0,0,0,0
-0.318969637,0.655731082,-0.644424498,0,1,0,0,0,0,0,0,0,0,0,0,0,0,0,0
-0.212127626,0.742584169,-0.671966672,0,1,0,0,0,0,0,0,0,0,0,0,0,0,0,0
-0.233993441,0.703918397,-0.658599973,0,1,0,0,0,0,0,0,0,0,0,0,0,0,0,0
-0.124404848,0.728759646,-0.68371588,0,1,0,0,0,0,0,0,0,0,0,0,0,0,0,0
-0.163375765,0.695388675,-0.707351685,0,1,0,0,0,0,0,0,0,0,0,0,0,0,0,0
-0.036437921,0.736114383,-0.719192505,0,1,0,0,0,0,0,0,0,0,0,0,0,0,0,0
-0.166839525,0.659683049,-0.749298155,0,1,0,0,0,0,0,0,0,0,0,0,0,0,0,0
-0.115112238,0.657699466,-0.760299742,0,1,0,0,0,0,0,0,0,0,0,0,0,0,0,0
0.015838679,0.630828738,-0.771209776,0,1,0,0,0,0,0,0,0,0,0,0,0,0,0,0
-0.05299373,0.590270877,-0.788650572,0,1,0,0,0,0,0,0,0,0,0,0,0,0,0,0
-0.044174127,0.528793275,-0.835144043,0,1,0,0,0,0,0,0,0,0,0,0,0,0,0,0
0.003128111,0.535186648,-0.844528258,0,1,0,0,0,0,0,0,0,0,0,0,0,0,0,0
-0.022491399,0.522888064,-0.852081358,0,1,0,0,0,0,0,0,0,0,0,0,0,0,0,0
-0.010726868,0.501449466,-0.855102599,0,1,0,0,0,0,0,0,0,0,0,0,0,0,0,0
-0.009551941,0.505752504,-0.850067198,0,1,0,0,0,0,0,0,0,0,0,0,0,0,0,0
-0.019210762,0.514190555,-0.854751587,0,1,0,0,0,0,0,0,0,0,0,0,0,0,0,0
-0.023437439,0.524291933,-0.851379395,0,1,0,0,0,0,0,0,0,0,0,0,0,0,0,0
-0.019882135,0.523544252,-0.851272643,0,1,0,0,0,0,0,0,0,0,0,0,0,0,0,0
-0.023849422,0.511733949,-0.852905273,0,1,0,0,0,0,0,0,0,0,0,0,0,0,0,0
-0.017913768,0.514007509,-0.85470587,0,1,0,0,0,0,0,0,0,0,0,0,0,0,0,0
-0.018112123,0.511108339,-0.854293823,0,1,0,0,0,0,0,0,0,0,0,0,0,0,0,0
-0.01509087,0.509536684,-0.856185913,0,1,0,0,0,0,0,0,0,0,0,0,0,0,0,0
-0.014694149,0.515746951,-0.852600098,0,1,0,0,0,0,0,0,0,0,0,0,0,0,0,0
-0.009689269,0.515594363,-0.851531982,0,1,0,0,0,0,0,0,0,0,0,0,0,0,0,0
-0.013519235,0.517303348,-0.85395813,0,1,0,0,0,0,0,0,0,0,0,0,0,0,0,0
-0.013717599,0.519256473,-0.853866637,0,1,0,0,0,0,0,0,0,0,0,0,0,0,0,0
-0.015884334,0.520263553,-0.851150572,0,0,0,0,0,0,0,0,0,0,0,0,0,0,1,0
-0.021102844,0.519470096,-0.850616455,0,0,0,0,0,0,0,0,0,0,0,0,0,0,1,0
-0.009933416,0.517883182,-0.854644835,0,0,0,0,0,0,0,0,0,0,0,0,0,0,1,0
-0.019210743,0.51827991,-0.851150513,0,0,0,0,0,0,0,0,0,0,0,0,0,0,1,0
-0.02107233,0.525695682,-0.848449707,0,0,0,0,0,0,0,0,0,0,0,0,0,0,1,0
-0.015930107,0.521850526,-0.848495483,0,0,0,0,0,0,0,0,0,0,0,0,0,0,1,0
-0.01272577,0.51789844,-0.851196349,0,0,0,0,0,0,0,0,0,0,0,0,0,0,1,0
-0.022094673,0.523345828,-0.851394713,0,0,0,0,0,0,0,0,0,0,0,0,0,0,1,0
-0.023620537,0.522628725,-0.850250244,0,0,0,0,0,0,0,0,0,0,0,0,0,0,1,0
-0.024887029,0.521606326,-0.851745665,0,0,0,0,0,0,0,0,0,0,0,0,0,0,1,0
-0.027725153,0.522140384,-0.851272583,0,0,0,0,0,0,0,0,0,0,0,0,0,0,1,0
-0.031402532,0.520767093,-0.850692809,0,0,0,0,0,0,0,0,0,0,0,0,0,0,1,0
-0.031234672,0.510604799,-0.853881836,0,0,0,0,0,0,0,0,0,0,0,0,0,0,1,0
-0.033920232,0.514648378,-0.852111816,0,0,0,0,0,0,0,0,0,0,0,0,0,0,1,0
-0.034164369,0.513732851,-0.85067755,0,0,0,0,0,0,0,0,0,0,0,0,0,0,1,0
-0.031631418,0.517455935,-0.851760924,0,0,0,0,0,0,0,0,0,0,0,0,0,0,1,0
-0.040176332,0.517501771,-0.850891173,0,0,0,0,0,0,0,0,0,0,0,0,0,0,1,0
-0.02966303,0.517715394,-0.851928711,0,0,0,0,0,0,0,0,0,0,0,0,0,0,1,0
-0.032485899,0.519317567,-0.851776183,0,0,0,0,0,0,0,0,0,0,0,0,0,0,1,0
-0.029022153,0.521865726,-0.852233946,0,0,0,0,0,0,0,0,0,0,0,0,0,0,1,0
-0.03300469,0.513595462,-0.855529785,0,0,0,0,0,0,0,0,0,0,0,0,0,0,1,0
-0.033660825,0.518844545,-0.851547241,0,0,0,0,0,0,0,0,0,0,0,0,0,0,1,0
-0.025924623,0.517547548,-0.853881836,0,0,0,0,0,0,0,0,0,0,0,0,0,0,1,0
-0.031677188,0.517791629,-0.852050841,0,0,0,0,0,0,0,0,0,0,0,0,0,0,1,0
-0.025604181,0.51550281,-0.852386475,0,0,0,0,0,0,0,0,0,0,0,0,0,0,1,0
-0.030166565,0.51499927,-0.851577759,0,0,0,0,0,0,0,0,0,0,0,0,0,0,1,0
-0.034469549,0.515518129,-0.855728209,0,0,0,0,0,0,0,0,0,0,0,0,0,0,1,0
-0.035293519,0.51310724,-0.853866637,0,0,0,0,0,0,0,0,0,0,0,0,0,0,1,0
-0.038497869,0.513213992,-0.851547301,0,0,0,0,0,0,0,0,0,0,0,0,0,0,1,0
-0.036331113,0.513305545,-0.856018066,0,0,0,0,0,0,0,0,0,0,0,0,0,0,1,0
-0.039459176,0.516158998,-0.848877013,0,0,0,0,0,0,0,0,0,0,0,0,0,0,1,0
-0.038284231,0.51588428,-0.853241026,0,0,0,0,0,0,0,0,0,0,0,0,0,0,1,0
-0.037032999,0.515090823,-0.84715271,0,0,0,0,0,0,0,0,0,0,0,0,0,0,1,0
-0.036559992,0.518325686,-0.849838257,0,0,0,0,0,0,0,0,0,0,0,0,0,0,1,0
-0.042861886,0.519866824,-0.845672667,0,0,0,0,0,0,0,0,0,0,0,0,0,0,1,0
-0.031387269,0.525711,-0.849319518,0,0,0,0,0,0,0,0,0,0,0,0,0,0,1,0
-0.051757757,0.531722903,-0.845306396,0,0,0,0,0,0,0,0,0,0,0,0,0,0,1,0
-0.055038381,0.530547976,-0.843795776,0,0,0,0,0,0,0,0,0,0,0,0,0,0,1,0
-0.043838426,0.511291385,-0.851852417,0,0,0,0,0,0,0,0,0,0,0,0,0,0,1,0
-0.036453184,0.511535525,-0.851425171,0,0,0,0,0,0,0,0,0,0,0,0,0,0,1,0
-0.050048765,0.519576967,-0.845718384,0,0,0,0,0,0,0,0,0,0,0,0,0,0,1,0
-0.041442811,0.529540956,-0.848312378,0,0,0,0,0,0,0,0,0,0,0,0,0,0,1,0
-0.043395933,0.525054872,-0.846908629,0,0,0,0,0,0,0,0,0,0,0,0,0,0,1,0
-0.03903193,0.524230838,-0.848709166,0,0,0,0,0,0,0,0,0,0,0,0,0,0,1,0
-0.038680978,0.523330629,-0.845977843,0,0,0,0,0,0,0,0,0,0,0,0,0,0,1,0
-0.038375795,0.521835208,-0.850570679,0,0,0,0,0,0,0,0,0,0,0,0,0,0,1,0
-0.037170343,0.524902225,-0.848800719,0,0,0,0,0,0,0,0,0,0,0,0,0,0,1,0
-0.036910962,0.528823733,-0.847763062,0,0,0,0,0,0,0,0,0,0,0,0,0,0,1,0
-0.043228079,0.517654359,-0.850128233,0,0,0,0,0,0,0,0,0,0,0,0,0,0,1,0
-0.043640085,0.523208559,-0.850219786,0,0,0,0,0,0,0,0,0,0,0,0,0,0,1,0
-0.03872674,0.530044496,-0.851120055,0,0,0,0,0,0,0,0,0,0,0,0,0,0,1,0
-0.044143599,0.516403079,-0.847183228,0,0,0,0,0,0,0,0,0,0,0,0,0,0,1,0
-0.037795961,0.512634218,-0.85041815,0,0,0,0,0,0,0,0,0,0,0,0,0,0,1,0
-0.041473333,0.514266849,-0.851364136,0,0,0,0,0,0,0,0,0,0,0,0,0,0,1,0
-0.037567075,0.51614368,-0.846603394,0,0,0,0,0,0,0,0,0,0,0,0,0,0,1,0
-0.034728944,0.521285892,-0.854125977,0,0,0,0,0,0,0,0,0,0,0,0,0,0,1,0
-0.047653116,0.5095976,-0.854904175,0,0,0,0,0,0,0,0,0,0,0,0,0,0,1,0
-0.044280935,0.518646121,-0.849182189,0,0,0,0,0,0,0,0,0,0,0,0,0,0,1,0
-0.039871164,0.520324588,-0.851196289,0,0,0,0,0,0,0,0,0,0,0,0,0,0,1,0
-0.037002508,0.519256473,-0.851974487,0,0,0,0,0,0,0,0,0,0,0,0,0,0,1,0
-0.037277166,0.516921878,-0.852752745,0,0,0,0,0,0,0,0,0,0,0,0,0,0,1,0
-0.042678773,0.507659853,-0.850753784,0,0,0,0,0,0,1,0,0,0,0,0,0,0,0,0
-0.046279848,0.520263612,-0.840927184,0,0,0,0,0,0,1,0,0,0,0,0,0,0,0,0
-0.043777406,0.531921327,-0.85319519,0,0,0,0,0,0,1,0,0,0,0,0,0,0,0,0
-0.017242383,0.510436952,-0.865600646,0,0,0,0,0,0,1,0,0,0,0,0,0,0,0,0
-0.032806337,0.504119813,-0.85849005,0,0,0,0,0,0,1,0,0,0,0,0,0,0,0,0
-0.065078672,0.518936098,-0.844909728,0,0,0,0,0,0,1,0,0,0,0,0,0,0,0,0
-0.03115838,0.508148074,-0.851882994,0,0,0,0,0,0,1,0,0,0,0,0,0,0,0,0
0.002975531,0.559722841,-0.843002379,0,0,0,0,0,0,1,0,0,0,0,0,0,0,0,0
-0.091827326,0.461730838,-0.831726134,0,0,0,0,0,0,1,0,0,0,0,0,0,0,0,0
-0.098846365,0.519485414,-0.856689513,0,0,0,0,0,0,1,0,0,0,0,0,0,0,0,0
-0.010848936,0.506484926,-0.867523253,0,0,0,0,0,0,1,0,0,0,0,0,0,0,0,0
-0.045684751,0.478744388,-0.862716675,0,0,0,0,0,0,1,0,0,0,0,0,0,0,0,0
-0.066421434,0.510955751,-0.858078063,0,0,0,0,0,0,1,0,0,0,0,0,0,0,0,0
-0.077514574,0.524276614,-0.861938536,0,0,0,0,0,0,1,0,0,0,0,0,0,0,0,0
-0.061737016,0.54751575,-0.853103697,0,0,0,0,0,0,1,0,0,0,0,0,0,0,0,0
-0.091995157,0.544814944,-0.865203857,0,0,0,0,0,0,1,0,0,0,0,0,0,0,0,0
-0.179656893,0.559982121,-0.825378418,0,0,0,0,0,0,1,0,0,0,0,0,0,0,0,0
-0.219818041,0.558044314,-0.782791197,0,0,0,0,0,0,1,0,0,0,0,0,0,0,0,0
-0.541397005,0.403198183,-0.735214293,0,0,0,0,0,0,1,0,0,0,0,0,0,0,0,0
-0.49710077,0.589279115,-0.566223204,0,0,0,0,0,0,1,0,0,0,0,0,0,0,0,0
-0.5209198,0.784988403,-0.553711057,0,0,0,0,0,0,1,0,0,0,0,0,0,0,0,0
-0.544708192,0.537475586,-0.469055384,0,0,0,0,0,0,1,0,0,0,0,0,0,0,0,0
-0.987106144,0.609313905,-0.724884123,0,0,0,0,0,0,1,0,0,0,0,0,0,0,0,0
-0.775115848,0.402557343,-0.41304028,0,0,0,0,0,0,1,0,0,0,0,0,0,0,0,0
-0.793151736,0.382278413,-0.423370481,0,0,0,0,0,0,1,0,0,0,0,0,0,0,0,0
-0.805694461,0.40159604,-0.408844054,0,0,0,0,0,0,1,0,0,0,0,0,0,0,0,0
-0.804901004,0.364242524,-0.462829679,0,0,0,0,0,0,1,0,0,0,0,0,0,0,0,0
-0.775939822,0.362716645,-0.553909421,0,0,0,0,0,0,1,0,0,0,0,0,0,0,0,0
-0.76614368,0.297042817,-0.570770323,0,0,0,0,0,0,1,0,0,0,0,0,0,0,0,0
-0.767318547,0.174224824,-0.546646178,0,0,0,0,0,0,1,0,0,0,0,0,0,0,0,0
-0.754562259,0.222702026,-0.586212277,0,0,0,0,0,0,1,0,0,0,0,0,0,0,0,0
-0.688964665,0.219696045,-0.68031311,0,0,0,0,0,0,1,0,0,0,0,0,0,0,0,0
-0.657714725,0.106216453,-0.711303771,0,0,0,0,0,0,1,0,0,0,0,0,0,0,0,0
-0.643585086,0.097518951,-0.81111151,0,0,0,0,0,0,1,0,0,0,0,0,0,0,0,0
-0.597305119,0.091720613,-0.782424927,0,0,0,0,0,0,1,0,0,0,0,0,0,0,0,0
-0.546081483,0.047744791,-0.791381896,0,0,0,0,0,0,1,0,0,0,0,0,0,0,0,0
-0.573806584,-0.043182328,-0.824691832,0,0,0,0,0,0,1,0,0,0,0,0,0,0,0,0
-0.605743289,-0.075973466,-0.805206358,0,0,0,0,0,0,1,0,0,0,0,0,0,0,0,0
-0.542251468,-0.056762651,-0.804641783,0,0,0,0,0,0,1,0,0,0,0,0,0,0,0,0
-0.554412723,-0.108062699,-0.805389464,0,0,0,0,0,0,1,0,0,0,0,0,0,0,0,0
-0.600601077,-0.090667672,-0.818359375,0,0,0,0,0,0,1,0,0,0,0,0,0,0,0,0
-0.596679628,-0.111068688,-0.808181822,0,0,0,0,0,0,1,0,0,0,0,0,0,0,0,0
-0.581298769,-0.091369584,-0.756454527,0,0,0,0,0,0,1,0,0,0,0,0,0,0,0,0
-0.607665956,-0.012908891,-0.780593932,0,0,0,0,0,0,1,0,0,0,0,0,0,0,0,0
-0.64062494,-0.014816239,-0.809280455,0,0,0,0,0,0,1,0,0,0,0,0,0,0,0,0
-0.580032229,-0.086334191,-0.805740416,0,0,0,0,0,0,1,0,0,0,0,0,0,0,0,0
-0.567840457,-0.043136552,-0.762451231,0,0,0,0,0,0,1,0,0,0,0,0,0,0,0,0
-0.601242006,-0.054489091,-0.821304381,0,0,0,0,0,0,1,0,0,0,0,0,0,0,0,0
-0.526748538,-0.12676996,-0.798843443,0,0,0,0,0,0,1,0,0,0,0,0,0,0,0,0
-0.591689944,-0.153625451,-0.810119689,0,0,0,0,0,0,1,0,0,0,0,0,0,0,0,0
-0.535385072,-0.129318185,-0.7764588,0,0,0,0,0,0,1,0,0,0,0,0,0,0,0,0
-0.551010013,-0.08563228,-0.819824278,0,0,0,0,0,0,1,0,0,0,0,0,0,0,0,0
-0.550735414,-0.118820153,-0.822372437,0,0,0,0,0,0,1,0,0,0,0,0,0,0,0,0
-0.568618655,-0.128814653,-0.830337584,0,0,0,0,0,0,1,0,0,0,0,0,0,0,0,0
-0.530181766,-0.137939408,-0.831359923,0,0,0,0,0,0,1,0,0,0,0,0,0,0,0,0
-0.532699466,-0.105178788,-0.856338561,0,0,0,0,0,0,1,0,0,0,0,0,0,0,0,0
-0.526611149,-0.136749208,-0.82975769,0,0,0,0,0,0,1,0,0,0,0,0,0,0,0,0
-0.54916364,-0.150527894,-0.813568115,0,0,0,0,0,0,0,0,0,0,0,0,0,0,1,0
-0.553085268,-0.161682084,-0.7998963,0,0,0,0,0,0,0,0,0,0,0,0,0,0,1,0
-0.563354373,-0.150512651,-0.78640753,0,0,0,0,0,0,0,0,0,0,0,0,0,0,1,0
-0.540298402,-0.153305009,-0.794845641,0,0,0,0,0,0,0,0,0,0,0,0,0,0,1,0
-0.527816713,-0.163604677,-0.812286437,0,0,0,0,0,0,0,0,0,0,0,0,0,0,1,0
-0.55305469,-0.163391069,-0.825485229,0,0,0,0,0,0,0,0,0,0,0,0,0,0,1,0
-0.522552371,-0.162795961,-0.837463439,0,0,0,0,0,0,0,0,0,0,0,0,0,0,1,0
-0.525314212,-0.165786698,-0.84487921,0,0,0,0,0,0,0,0,0,0,0,0,0,0,1,0
-0.539291322,-0.169204667,-0.818557799,0,0,0,0,0,0,0,0,0,0,0,0,0,0,1,0
-0.527786136,-0.15594478,-0.840026915,0,0,0,0,0,0,0,0,0,0,0,0,0,0,1,0
-0.547561586,-0.144241273,-0.818252623,0,0,0,0,0,0,0,0,0,0,0,0,0,0,1,0
-0.571090579,-0.178817689,-0.790847838,0,0,0,0,0,0,0,0,0,0,0,0,0,0,1,0
-0.560073733,-0.174194276,-0.796142578,0,0,0,0,0,0,0,0,0,0,0,0,0,0,1,0
-0.541793764,-0.170715287,-0.807693541,0,0,0,0,0,0,0,0,0,0,0,0,0,0,1,0
-0.561492801,-0.179016069,-0.808273375,0,0,0,0,0,0,0,0,0,0,0,0,0,0,1,0
-0.530837893,-0.170730546,-0.819885314,0,0,0,0,0,0,0,0,0,0,0,0,0,0,1,0
-0.549713075,-0.173004106,-0.829040587,0,0,0,0,0,0,0,0,0,0,0,0,0,0,1,0
-0.53907764,-0.179840028,-0.830123961,0,0,0,0,0,0,0,0,0,0,0,0,0,0,1,0
-0.539184511,-0.18025203,-0.83517462,0,0,0,0,0,0,0,0,0,0,0,0,0,0,1,0
-0.53843677,-0.180465654,-0.837753356,0,0,0,0,0,0,0,0,0,0,0,0,0,0,1,0
-0.544906557,-0.16595453,-0.825912535,0,0,0,0,0,0,0,0,0,0,0,0,0,0,1,0
-0.535964787,-0.171096727,-0.819869995,0,0,0,0,0,0,0,0,0,0,0,0,0,0,1,0
-0.531341434,-0.178283632,-0.824478209,0,0,0,0,0,0,0,0,0,0,0,0,0,0,1,0
-0.55129993,-0.181198075,-0.808853209,0,0,0,0,0,0,0,0,0,0,0,0,0,0,1,0
-0.563278079,-0.183212221,-0.795776427,0,0,0,0,0,0,0,0,0,0,0,0,0,0,1,0
-0.567565799,-0.186782777,-0.787246764,0,0,0,0,0,0,0,0,0,0,0,0,0,0,1,0
-0.554305971,-0.179840043,-0.812362731,0,0,0,0,0,0,0,0,0,0,0,0,0,0,1,0
-0.553832889,-0.188247636,-0.829910338,0,0,0,0,0,0,0,0,0,0,0,0,0,0,1,0
-0.53038013,-0.187576234,-0.824646056,0,0,0,0,0,0,0,0,0,0,0,0,0,0,1,0
-0.534744143,-0.191833451,-0.830352843,0,0,0,0,0,0,0,0,0,0,0,0,0,0,1,0
-0.539733768,-0.182327211,-0.814422667,0,0,0,0,0,0,0,0,0,0,0,0,0,0,1,0
-0.543014407,-0.18794246,-0.821502745,0,0,0,0,0,0,0,0,0,0,0,0,0,0,1,0
-0.5491485,-0.194732621,-0.818557799,0,0,0,0,0,0,0,0,0,0,0,0,0,0,1,0
-0.534805179,-0.189117387,-0.820022583,0,0,0,0,0,0,0,0,0,0,0,0,0,0,1,0
-0.541168094,-0.192306474,-0.811157286,0,0,0,0,0,0,0,0,0,0,0,0,0,0,1,0
-0.546356082,-0.197586,-0.800582945,0,0,0,0,0,0,0,0,0,0,0,0,0,0,1,0
-0.549590945,-0.196029603,-0.787246764,0,0,0,0,0,0,0,0,0,0,0,0,0,0,1,0
-0.544494569,-0.1987762,-0.810455382,0,0,0,0,0,0,0,0,0,0,0,0,0,0,1,0
-0.5408324,-0.196350038,-0.815551758,0,0,0,0,0,0,0,0,0,0,0,0,0,0,1,0
-0.537261844,-0.19853206,-0.81968689,0,0,0,0,0,0,0,0,0,0,0,0,0,0,1,0
-0.541305363,-0.205917284,-0.818145752,0,0,0,0,0,0,0,0,0,0,0,0,0,0,1,0
-0.541595399,-0.188522279,-0.818054259,0,0,0,0,0,0,0,0,0,0,0,0,0,0,1,0
-0.545272708,-0.202819765,-0.809753478,0,0,0,0,0,0,0,0,0,0,0,0,0,0,1,0
-0.543578982,-0.191268861,-0.807632506,0,0,0,0,0,0,0,0,0,0,0,0,0,0,1,0
-0.541580021,-0.199203432,-0.808319092,0,0,0,0,0,0,0,0,0,0,0,0,0,0,1,0
-0.5352934,-0.204040468,-0.807846069,0,0,0,0,0,0,0,0,0,0,0,0,0,0,1,0
-0.549804568,-0.215942323,-0.819061339,0,0,0,0,0,0,0,0,0,0,0,0,0,0,1,0
-0.522979617,-0.200881913,-0.836135924,0,0,0,0,0,0,0,0,0,0,0,0,0,0,1,0
-0.518020511,-0.210021928,-0.83164978,0,0,0,0,0,0,0,0,0,0,0,0,0,0,1,0
-0.544525027,-0.195541322,-0.821701109,0,0,0,0,0,0,0,0,0,0,0,0,0,0,1,0
-0.555648685,-0.203277543,-0.801178038,0,0,0,0,0,0,0,0,0,0,0,0,0,0,1,0
-0.558441043,-0.215438798,-0.802948058,0,0,0,0,0,0,0,0,0,0,0,0,0,0,1,0
-0.556686282,-0.213943452,-0.792297423,0,0,0,0,0,0,0,0,0,0,0,0,0,0,1,0
-0.543289065,-0.203002885,-0.803985655,0,0,0,0,0,0,0,0,0,0,0,0,0,0,1,0
-0.539337039,-0.20338434,-0.812408507,0,0,0,0,0,0,0,0,0,0,0,0,0,0,1,0
-0.518386722,-0.189636171,-0.827179015,0,0,0,0,0,0,0,0,0,0,0,0,0,0,1,0
-0.542648196,-0.220657304,-0.819488585,0,0,0,0,0,0,0,0,0,0,0,0,0,0,1,0
-0.534454226,-0.221496522,-0.820800781,0,0,0,0,0,0,0,0,0,0,0,0,0,0,1,0
-0.53364557,-0.199508607,-0.832992673,0,0,0,0,0,0,0,0,0,0,0,0,0,0,1,0
-0.523422122,-0.209045351,-0.84034735,0,0,0,0,0,0,0,0,0,0,0,0,0,0,1,0
-0.538726687,-0.20892328,-0.819061339,0,0,0,0,0,0,0,0,0,0,0,0,0,0,1,0
-0.527465761,-0.214996293,-0.817520201,0,0,0,0,0,0,0,0,0,0,0,0,0,0,1,0
-0.545638919,-0.210555971,-0.800415099,0,0,0,0,0,0,0,0,0,0,0,0,0,0,1,0
-0.556854188,-0.213226274,-0.789871275,0,0,0,0,0,0,0,0,0,0,0,0,0,0,1,0
-0.545028567,-0.21131891,-0.789886475,0,0,0,0,0,0,0,0,0,0,0,0,0,0,1,0
-0.542358339,-0.209518388,-0.803710997,0,0,0,0,0,0,0,0,0,0,0,0,0,0,1,0
-0.5383147,-0.195358217,-0.813293576,0,0,0,0,0,0,0,0,0,0,0,0,0,0,1,0
-0.535964847,-0.211471498,-0.814315856,0,0,0,0,0,0,0,0,0,0,0,0,0,0,1,0
-0.553817689,-0.2222137,-0.809555113,0,0,0,0,0,0,0,0,0,0,0,0,0,0,1,0
-0.539016604,-0.201965258,-0.808990479,0,0,0,0,0,0,0,0,0,0,0,0,0,0,1,0
-0.529189944,-0.202377275,-0.809417784,0,0,0,0,0,0,0,0,0,0,0,0,0,0,1,0
-0.534469485,-0.21333307,-0.793121397,0,0,0,0,0,0,0,0,0,0,0,0,0,0,1,0
-0.53478992,-0.215576127,-0.799026549,0,0,0,0,0,0,0,0,0,0,0,0,0,0,1,0
-0.533538699,-0.200622499,-0.816223204,0,0,0,0,0,0,0,0,0,0,0,0,0,0,1,0
-0.538772464,-0.208694398,-0.818054259,0,0,0,0,0,0,0,0,0,0,0,0,0,0,1,0
-0.527496219,-0.195602357,-0.825286925,0,0,0,0,0,0,0,0,0,0,0,0,0,0,1,0
-0.531005681,-0.224517763,-0.804229736,0,0,0,0,0,0,0,0,0,0,0,0,0,0,1,0
-0.520751834,-0.19223018,-0.82774353,0,0,0,0,0,0,0,0,0,0,0,0,0,0,1,0
-0.534835696,-0.212051347,-0.817352355,0,0,0,0,0,0,0,0,0,0,0,0,0,0,1,0
-0.546188235,-0.208663896,-0.793411314,0,0,0,0,0,0,0,0,0,0,0,0,0,0,1,0
-0.540481448,-0.20533748,-0.797317624,0,0,0,0,0,0,0,0,0,0,0,0,0,0,1,0
-0.543487489,-0.206039384,-0.816680968,0,0,0,0,0,0,0,0,0,0,0,0,0,0,1,0
-0.528060734,-0.198730409,-0.819824219,0,0,0,0,0,0,0,0,0,0,0,0,0,0,1,0
-0.538177371,-0.220855653,-0.810150206,0,0,0,0,0,0,0,0,0,0,0,0,0,0,1,0
-0.534545839,-0.211151078,-0.8130036,0,0,0,0,0,0,0,0,0,0,0,0,0,0,1,0
-0.523116946,-0.205795228,-0.820907652,0,0,0,0,0,0,0,0,0,0,0,0,0,0,1,0
-0.523528934,-0.213607714,-0.818466187,0,0,0,0,0,0,0,0,0,0,0,0,0,0,1,0
-0.537155032,-0.220672563,-0.807022154,0,0,0,0,0,0,0,0,0,0,0,0,0,0,1,0
-0.545577884,-0.213531435,-0.799484313,0,0,0,0,0,0,0,0,0,0,0,0,0,0,1,0
-0.538757265,-0.199798524,-0.808654785,0,0,0,0,0,0,0,0,0,0,0,0,0,0,1,0
-0.540038943,-0.219924867,-0.802230895,0,0,0,0,0,0,0,0,0,0,0,0,0,0,1,0
-0.543853641,-0.223770097,-0.793014646,0,0,0,0,0,0,0,0,0,0,0,0,0,0,1,0
-0.525543094,-0.208847001,-0.818115294,0,0,0,0,0,0,0,0,0,0,0,0,0,0,1,0
-0.544753909,-0.213684022,-0.804443359,0,0,0,0,0,0,0,0,0,0,0,0,0,0,1,0
-0.536239505,-0.205627382,-0.822006285,0,0,0,0,0,0,0,0,0,0,0,0,0,0,1,0
-0.544875979,-0.203231752,-0.8077088,0,0,0,0,0,0,0,0,0,0,0,0,0,0,1,0
-0.535537601,-0.208145082,-0.798553526,0,0,0,0,0,0,0,0,0,0,0,0,0,0,1,0
-0.548599124,-0.208740175,-0.789047301,0,0,0,0,0,0,0,0,0,0,0,0,0,0,1,0
-0.543899417,-0.218719438,-0.786331236,0,0,0,0,0,0,0,0,0,0,0,0,0,0,1,0
-0.550521791,-0.221725404,-0.785034239,0,0,0,0,0,0,0,0,0,0,0,0,0,0,1,0
-0.538619816,-0.205871508,-0.799377441,0,0,0,0,0,0,0,0,0,0,0,0,0,0,1,0
-0.541992128,-0.219207704,-0.806503356,0,0,0,0,0,0,0,0,0,0,0,0,0,0,1,0
-0.539123416,-0.207351625,-0.814788938,0,0,0,0,0,0,0,0,0,0,0,0,0,0,1,0
-0.529556155,-0.215621904,-0.817276061,0,0,0,0,0,0,0,0,0,0,0,0,0,0,1,0
-0.541519046,-0.216201738,-0.803588927,0,0,0,0,0,0,0,0,0,0,0,0,0,0,1,0
-0.542800725,-0.213043138,-0.79611212,0,0,0,0,0,0,0,0,0,0,0,0,0,0,1,0
-0.526428163,-0.218170121,-0.819625914,0,0,0,0,0,0,0,0,0,0,0,0,0,0,1,0
-0.541534305,-0.220779359,-0.797821045,0,0,0,0,0,0,0,0,0,0,0,0,0,0,1,0
-0.54209888,-0.221267641,-0.793762267,0,0,0,0,0,0,0,0,0,0,0,0,0,0,1,0
-0.537780702,-0.221664384,-0.794372618,0,0,0,0,0,0,0,0,0,0,0,0,0,0,1,0
-0.533111453,-0.218246415,-0.800033569,0,0,0,0,0,0,0,0,0,0,0,0,0,0,1,0
-0.537277162,-0.211975023,-0.808822691,0,0,0,0,0,0,0,0,0,0,0,0,0,0,1,0
-0.546661258,-0.225585878,-0.80291748,0,0,0,0,0,0,0,0,0,0,0,0,0,0,1,0
-0.537109315,-0.216262758,-0.810134947,0,0,0,0,0,0,0,0,0,0,0,0,0,0,1,0
-0.528335452,-0.218978837,-0.805618346,0,0,0,0,0,0,0,0,0,0,0,0,0,0,1,0
-0.547164798,-0.21780391,-0.794235289,0,0,0,0,0,0,0,0,0,0,0,0,0,0,1,0
-0.549758792,-0.220031679,-0.790756226,0,0,0,0,0,0,0,0,0,0,0,0,0,0,1,0
-0.534744143,-0.222320512,-0.798187315,0,0,0,0,0,0,0,0,0,0,0,0,0,0,1,0
-0.530410647,-0.215164125,-0.799057007,0,0,0,0,0,0,0,0,0,0,0,0,0,0,1,0
-0.540634036,-0.221206605,-0.792984068,0,0,0,0,0,0,0,0,0,0,0,0,0,0,1,0
-0.519134402,-0.217468202,-0.823028564,0,0,0,0,0,0,0,0,0,0,0,0,0,0,1,0
-0.542663455,-0.242736772,-0.798080504,0,0,0,0,0,0,0,0,0,0,0,0,0,0,1,0
-0.539489627,-0.213943437,-0.806472838,0,0,0,0,0,0,0,0,0,0,0,0,0,0,1,0
-0.534683108,-0.210006654,-0.813491881,0,0,0,0,0,0,0,1,0,0,0,0,0,0,0,0
-0.532714784,-0.229797304,-0.799881041,0,0,0,0,0,0,0,1,0,0,0,0,0,0,0,0
-0.537063539,-0.223525941,-0.805999815,0,0,0,0,0,0,0,1,0,0,0,0,0,0,0,0
-0.536086917,-0.221801713,-0.821395934,0,0,0,0,0,0,0,1,0,0,0,0,0,0,0,0
-0.522216678,-0.225250199,-0.838119566,0,0,0,0,0,0,0,1,0,0,0,0,0,0,0,0
-0.530990481,-0.224472001,-0.818344176,0,0,0,0,0,0,0,1,0,0,0,0,0,0,0,0
-0.531616151,-0.23381038,-0.813781798,0,0,0,0,0,0,0,1,0,0,0,0,0,0,0,0
-0.5305022,-0.225265458,-0.830505431,0,0,0,0,0,0,0,1,0,0,0,0,0,0,0,0
-0.535461307,-0.224334672,-0.812774718,0,0,0,0,0,0,0,1,0,0,0,0,0,0,0,0
-0.550201297,-0.225509584,-0.790237486,0,0,0,0,0,0,0,1,0,0,0,0,0,0,0,0
-0.521789432,-0.211547792,-0.811142027,0,0,0,0,0,0,0,1,0,0,0,0,0,0,0,0
-0.535339236,-0.230956957,-0.808044493,0,0,0,0,0,0,0,1,0,0,0,0,0,0,0,0
-0.528976321,-0.226653993,-0.821716368,0,0,0,0,0,0,0,1,0,0,0,0,0,0,0,0
-0.53126514,-0.232391313,-0.813491821,0,0,0,0,0,0,0,1,0,0,0,0,0,0,0,0
-0.555282474,-0.239318788,-0.79573065,0,0,0,0,0,0,0,1,0,0,0,0,0,0,0,0
-0.539276063,-0.153610185,-0.743774474,0,0,0,0,0,0,0,1,0,0,0,0,0,0,0,0
-0.571121156,-0.113708451,-0.803405821,0,0,0,0,0,0,0,1,0,0,0,0,0,0,0,0
-0.576293826,-0.102844194,-0.811142027,0,0,0,0,0,0,0,1,0,0,0,0,0,0,0,0
-0.638610721,-0.022094697,-0.759674132,0,0,0,0,0,0,0,1,0,0,0,0,0,0,0,0
-0.54952991,-0.005691499,-0.847091794,0,0,0,0,0,0,0,1,0,0,0,0,0,0,0,0
-0.589523256,-0.038772557,-0.790710509,0,0,0,0,0,0,0,1,0,0,0,0,0,0,0,0
-0.59767139,-0.043411233,-0.819442809,0,0,0,0,0,0,0,1,0,0,0,0,0,0,0,0
-0.666732669,0.064239509,-0.697845519,0,0,0,0,0,0,0,1,0,0,0,0,0,0,0,0
-0.60510242,0.178558357,-0.725128233,0,0,0,0,0,0,0,1,0,0,0,0,0,0,0,0
-0.655227542,0.159500107,-0.726623595,0,0,0,0,0,0,0,1,0,0,0,0,0,0,0,0
-0.729171634,0.140640259,-0.728912413,0,0,0,0,0,0,0,1,0,0,0,0,0,0,0,0
-0.642165959,0.208618134,-0.829956055,0,0,0,0,0,0,0,1,0,0,0,0,0,0,0,0
-0.512374699,0.341415375,-0.825531065,0,0,0,0,0,0,0,1,0,0,0,0,0,0,0,0
-0.603912234,0.355194092,-0.813781798,0,0,0,0,0,0,0,1,0,0,0,0,0,0,0,0
-0.602950871,0.524627656,-0.727218747,0,0,0,0,0,0,0,1,0,0,0,0,0,0,0,0
-0.728759646,0.355880708,-0.669128537,0,0,0,0,0,0,0,1,0,0,0,0,0,0,0,0
-0.55003345,0.44380188,-0.549285948,0,0,0,0,0,0,0,1,0,0,0,0,0,0,0,0
-0.593994021,0.500930756,-0.614166379,0,0,0,0,0,0,0,1,0,0,0,0,0,0,0,0
-0.689361453,0.451599061,-0.634536803,0,0,0,0,0,0,0,1,0,0,0,0,0,0,0,0
-0.347000003,0.387771547,-0.587707579,0,0,0,0,0,0,0,1,0,0,0,0,0,0,0,0
-0.475784183,0.809966981,-0.908233762,0,0,0,0,0,0,0,1,0,0,0,0,0,0,0,0
-0.375823915,0.37248224,-0.633682251,0,0,0,0,0,0,0,1,0,0,0,0,0,0,0,0
-0.433929265,0.527480841,-0.820907712,0,0,0,0,0,0,0,1,0,0,0,0,0,0,0,0
-0.45237723,0.528640687,-0.746810973,0,0,0,0,0,0,0,1,0,0,0,0,0,0,0,0
-0.279846102,0.672485292,-0.654113829,0,0,0,0,0,0,0,1,0,0,0,0,0,0,0,0
-0.22555536,0.74609369,-0.697143614,0,0,0,0,0,0,0,1,0,0,0,0,0,0,0,0
-0.211517259,0.714324832,-0.631271482,0,0,0,0,0,0,0,1,0,0,0,0,0,0,0,0
-0.092040941,0.687209964,-0.701110899,0,0,0,0,0,0,0,1,0,0,0,0,0,0,0,0
-0.057052564,0.697234988,-0.725494444,0,0,0,0,0,0,0,1,0,0,0,0,0,0,0,0
0.137024018,0.65725702,-0.711929381,0,0,0,0,0,0,0,1,0,0,0,0,0,0,0,0
0.031845173,0.633666873,-0.778366148,0,0,0,0,0,0,0,1,0,0,0,0,0,0,0,0
-0.017852714,0.698699832,-0.734344482,0,0,0,0,0,0,0,1,0,0,0,0,0,0,0,0
0.044540469,0.743072391,-0.688659728,0,0,0,0,0,0,0,1,0,0,0,0,0,0,0,0
0.044540465,0.710616946,-0.715454161,0,0,0,0,0,0,0,1,0,0,0,0,0,0,0,0
0.043838538,0.65260303,-0.728851318,0,0,0,0,0,0,0,1,0,0,0,0,0,0,0,0
0.105072059,0.674697757,-0.724197388,0,0,0,0,0,0,0,1,0,0,0,0,0,0,0,0
0.105453558,0.678344607,-0.727981627,0,0,0,0,0,0,0,1,0,0,0,0,0,0,0,0
-0.013900697,0.645049989,-0.754837096,0,0,0,0,0,0,0,1,0,0,0,0,0,0,0,0
0.029052809,0.643096805,-0.750015259,0,0,0,0,0,0,0,1,0,0,0,0,0,0,0,0
0.043411318,0.65965265,-0.747116148,0,0,0,0,0,0,0,1,0,0,0,0,0,0,0,0
0.025940012,0.6635589,-0.749176085,0,0,0,0,0,0,0,1,0,0,0,0,0,0,0,0
0.031311084,0.664428651,-0.739044249,0,0,0,0,0,0,0,1,0,0,0,0,0,0,0,0
0.033889826,0.65663141,-0.745864928,0,0,0,0,0,0,0,1,0,0,0,0,0,0,0,0
0.023941096,0.689056277,-0.729812682,0,0,0,0,0,0,0,1,0,0,0,0,0,0,0,0
0.033294737,0.691741884,-0.724502563,0,0,0,0,0,0,0,1,0,0,0,0,0,0,0,0
0.030578684,0.683654666,-0.730834961,0,0,0,0,0,0,0,1,0,0,0,0,0,0,0,0
0.035781927,0.67755121,-0.732315123,0,0,0,0,0,0,0,0,0,0,0,0,0,0,1,0
0.037689291,0.679611087,-0.730133116,0,0,0,0,0,0,0,0,0,0,0,0,0,0,1,0
0.035080016,0.678451478,-0.730514586,0,0,0,0,0,0,0,0,0,0,0,0,0,0,1,0
0.042358465,0.686569095,-0.724868894,0,0,0,0,0,0,0,0,0,0,0,0,0,0,1,0
0.039993327,0.678634524,-0.731658995,0,0,0,0,0,0,0,0,0,0,0,0,0,0,1,0
0.044799872,0.687408328,-0.725143433,0,0,0,0,0,0,0,0,0,0,0,0,0,0,1,0
0.041534495,0.675903201,-0.727813721,0,0,0,0,0,0,0,0,0,0,0,0,0,0,1,0
0.041793879,0.6814574,-0.723236084,0,0,0,0,0,0,0,0,0,0,0,0,0,0,1,0
0.044174265,0.680892825,-0.724685729,0,0,0,0,0,0,0,0,0,0,0,0,0,0,1,0
0.044601507,0.686767519,-0.723999083,0,0,0,0,0,0,0,0,0,0,0,0,0,0,1,0
0.050613441,0.692321658,-0.718933105,0,0,0,0,0,0,0,0,0,0,0,0,0,0,1,0
0.04391484,0.676940858,-0.726623595,0,0,0,0,0,0,0,0,0,0,0,0,0,0,1,0
0.049713198,0.681121707,-0.723495543,0,0,0,0,0,0,0,0,0,0,0,0,0,0,1,0
0.04931644,0.683151126,-0.721939087,0,0,0,0,0,0,0,0,0,0,0,0,0,0,1,0
0.048843462,0.695068181,-0.717803955,0,0,0,0,0,0,0,0,0,0,0,0,0,0,1,0
0.053573668,0.683166385,-0.722000122,0,0,0,0,0,0,0,0,0,0,0,0,0,0,1,0
0.049072329,0.689391911,-0.718658507,0,0,0,0,0,0,0,0,0,0,0,0,0,0,1,0
0.051818915,0.680374086,-0.716674864,0,0,0,0,0,0,0,0,0,0,0,0,0,0,1,0
0.050170954,0.694992006,-0.714141905,0,0,0,0,0,0,0,0,0,0,0,0,0,0,1,0
0.052307196,0.687057436,-0.717590392,0,0,0,0,0,0,0,0,0,0,0,0,0,0,1,0
0.052612361,0.690551639,-0.715393126,0,0,0,0,0,0,0,0,0,0,0,0,0,0,1,0
0.051513746,0.699615419,-0.714325011,0,0,0,0,0,0,0,0,0,0,0,0,0,0,1,0
0.050079402,0.68965137,-0.715911925,0,0,0,0,0,0,0,0,0,0,0,0,0,0,1,0
0.050888117,0.688110292,-0.71559149,0,0,0,0,0,0,0,0,0,0,0,0,0,0,1,0
0.058013964,0.6895293,-0.71281445,0,0,0,0,0,0,0,0,0,0,0,0,0,0,1,0
0.057174742,0.69873035,-0.714645445,0,0,0,0,0,0,0,0,0,0,0,0,0,0,1,0
0.056823801,0.694015384,-0.715438902,0,0,0,0,0,0,0,0,0,0,0,0,0,0,1,0
0.049011298,0.694961488,-0.716262817,0,0,0,0,0,0,0,0,0,0,0,0,0,0,1,0
0.052703921,0.69885242,-0.714111388,0,0,0,0,0,0,0,0,0,0,0,0,0,0,1,0
0.051956255,0.687667727,-0.714553893,0,0,0,0,0,0,0,0,0,0,0,0,0,0,1,0
0.05871588,0.696334779,-0.712463379,0,0,0,0,0,0,0,0,0,0,0,0,0,0,1,0
0.053375307,0.694732547,-0.710876465,0,0,0,0,0,0,0,0,0,0,0,0,0,0,1,0
0.05699164,0.702926576,-0.711242735,0,0,0,0,0,0,0,0,0,0,0,0,0,0,1,0
0.048873954,0.690353274,-0.713317931,0,0,0,0,0,0,0,0,0,0,0,0,0,0,1,0
0.060394343,0.714248538,-0.70753485,0,0,0,0,0,0,0,0,0,0,0,0,0,0,1,0
0.047729559,0.692199588,-0.714004517,0,0,0,0,0,0,0,0,0,0,0,0,0,0,1,0
0.04982001,0.693710208,-0.711776793,0,0,0,0,0,0,0,0,0,0,0,0,0,0,1,0
0.057449389,0.700698733,-0.709243774,0,0,0,0,0,0,0,0,0,0,0,0,0,0,1,0
0.05929571,0.701309025,-0.711074889,0,0,0,0,0,0,0,0,0,0,0,0,0,0,1,0
0.054992728,0.696319461,-0.713546753,0,0,0,0,0,0,0,0,0,0,0,0,0,0,1,0
0.058273349,0.700347781,-0.708145201,0,0,0,0,0,0,0,0,0,0,0,0,0,0,1,0
0.052139334,0.694991946,-0.714096129,0,0,0,0,0,0,0,0,0,0,0,0,0,0,1,0
0.050674468,0.695648134,-0.712753356,0,0,0,0,0,0,0,0,0,0,0,0,0,0,1,0
0.055130064,0.692031801,-0.715286255,0,0,0,0,0,0,0,0,0,0,0,0,0,0,1,0
0.057449408,0.700881839,-0.711807311,0,0,0,0,0,0,0,0,0,0,0,0,0,0,1,0
0.055648856,0.697784364,-0.712158263,0,0,0,0,0,0,0,0,0,0,0,0,0,0,1,0
0.055740412,0.702529788,-0.710067809,0,0,0,0,0,0,0,0,0,0,0,0,0,0,1,0
0.054687552,0.70098871,-0.712554991,0,0,0,0,0,0,0,0,0,0,0,0,0,0,1,0
0.046081617,0.691375613,-0.71180737,0,0,0,0,0,0,0,0,0,0,0,0,0,0,1,0
0.053726282,0.697555423,-0.713440001,0,0,0,0,0,0,0,0,0,0,0,0,0,0,1,0
0.048400935,0.684554994,-0.715759337,0,0,0,0,0,0,0,0,0,0,0,0,0,0,1,0
0.050842348,0.701782107,-0.71244818,0,0,0,0,0,0,0,0,0,0,0,0,0,0,1,0
0.051086482,0.690246463,-0.715057433,0,0,0,0,0,0,0,0,0,0,0,0,0,0,1,0
0.059524596,0.704437137,-0.707702696,0,0,0,0,0,0,0,0,0,0,0,0,0,0,1,0
0.057220522,0.69267261,-0.712814331,0,0,0,0,0,0,0,0,0,0,0,0,0,0,1,0
0.053756785,0.695129275,-0.711196959,0,0,0,0,0,0,0,0,0,0,0,0,0,0,1,0
0.062286429,0.701599002,-0.706222534,0,0,0,0,0,0,0,0,0,0,0,0,0,0,1,0
0.062377997,0.694747806,-0.708969176,0,0,0,0,0,0,0,0,0,0,0,0,0,0,1,0
0.065551817,0.704238772,-0.703231871,0,0,0,0,0,0,0,0,0,0,0,0,0,0,1,0
0.050125189,0.693893313,-0.709854186,0,0,0,0,0,0,0,0,0,0,0,0,0,0,1,0
0.052597094,0.703979373,-0.702499449,0,0,0,0,0,0,0,0,0,0,0,0,0,0,1,0
0.048248347,0.711685061,-0.698989868,0,0,0,0,0,0,0,0,0,0,0,0,0,0,1,0
0.056823783,0.693481266,-0.714889526,0,0,0,0,0,0,0,0,0,0,0,0,0,0,1,0
0.061737113,0.696655095,-0.708023071,0,0,0,0,0,0,0,0,0,0,0,0,0,0,1,0
0.059433039,0.695556521,-0.710632384,0,0,0,0,0,0,0,0,0,0,0,0,0,0,1,0
0.066116367,0.698989749,-0.710540831,0,0,0,0,0,0,0,0,0,0,0,0,0,0,1,0
0.058258131,0.689346194,-0.715377808,0,0,0,0,0,0,0,0,0,0,0,0,0,0,1,0
0.059692454,0.689437747,-0.713699341,0,0,0,0,0,0,0,0,0,0,0,0,0,0,1,0
0.056381281,0.70111078,-0.712722838,0,0,0,0,0,0,0,0,0,0,0,0,0,0,1,0
0.049667403,0.686263919,-0.716522276,0,0,0,0,0,0,0,0,0,0,0,0,0,0,1,0
0.055969268,0.701263309,-0.711715758,0,0,0,0,0,0,0,0,0,0,0,0,0,0,1,0
0.062713683,0.699050784,-0.709671021,1,0,0,0,0,0,0,0,0,0,0,0,0,0,0,0
0.060546927,0.696548402,-0.709335387,1,0,0,0,0,0,0,0,0,0,0,0,0,0,0,0
0.063415568,0.703826725,-0.707611084,1,0,0,0,0,0,0,0,0,0,0,0,0,0,0,0
0.061370883,0.702346742,-0.708084166,1,0,0,0,0,0,0,0,0,0,0,0,0,0,0,0
0.063262973,0.70288074,-0.710464537,1,0,0,0,0,0,0,0,0,0,0,0,0,0,0,0
0.056152392,0.68939203,-0.711166382,1,0,0,0,0,0,0,0,0,0,0,0,0,0,0,0
0.061355647,0.701309085,-0.705505431,1,0,0,0,0,0,0,0,0,0,0,0,0,0,0,0
0.05871588,0.6948089,-0.708648741,1,0,0,0,0,0,0,0,0,0,0,0,0,0,0,0
0.064041201,0.705169618,-0.705612242,1,0,0,0,0,0,0,0,0,0,0,0,0,0,0,0
0.063034113,0.698257446,-0.708648622,1,0,0,0,0,0,0,0,0,0,0,0,0,0,0,0
0.059997588,0.698318362,-0.708328307,1,0,0,0,0,0,0,0,0,0,0,0,0,0,0,0
0.064926196,0.698486209,-0.70979315,1,0,0,0,0,0,0,0,0,0,0,0,0,0,0,0
0.062179621,0.695098817,-0.711776793,1,0,0,0,0,0,0,0,0,0,0,0,0,0,0,0
0.057128947,0.711608827,-0.702224791,1,0,0,0,0,0,0,0,0,0,0,0,0,0,0,0
0.052719168,0.746032655,-0.729904234,1,0,0,0,0,0,0,0,0,0,0,0,0,0,0,0
0.142349288,0.689636111,-0.782791138,1,0,0,0,0,0,0,0,0,0,0,0,0,0,0,0
0.077606261,0.659316897,-0.801620483,1,0,0,0,0,0,0,0,0,0,0,0,0,0,0,0
0.101821937,0.735336185,-0.71257019,1,0,0,0,0,0,0,0,0,0,0,0,0,0,0,0
0.064254805,0.713027775,-0.759231627,1,0,0,0,0,0,0,0,0,0,0,0,0,0,0,0
0.000747748,0.715057254,-0.671447814,1,0,0,0,0,0,0,0,0,0,0,0,0,0,0,0
0.034561206,0.758926272,-0.687698424,1,0,0,0,0,0,0,0,0,0,0,0,0,0,0,0
-0.039779596,0.684066653,-0.651473999,1,0,0,0,0,0,0,0,0,0,0,0,0,0,0,0
-0.020233087,0.723388553,-0.726333678,1,0,0,0,0,0,0,0,0,0,0,0,0,0,0,0
-0.031509337,0.659942508,-0.708023071,1,0,0,0,0,0,0,0,0,0,0,0,0,0,0,0
-0.048995931,0.640869021,-0.735092223,1,0,0,0,0,0,0,0,0,0,0,0,0,0,0,0
-0.05453483,0.760635257,-0.691329956,1,0,0,0,0,0,0,0,0,0,0,0,0,0,0,0
-0.089599539,0.76034534,-0.745727539,1,0,0,0,0,0,0,0,0,0,0,0,0,0,0,0
-0.034393236,0.633377016,-0.694488585,1,0,0,0,0,0,0,0,0,0,0,0,0,0,0,0
-0.261566073,0.562835634,-0.760406554,1,0,0,0,0,0,0,0,0,0,0,0,0,0,0,0
-0.115493655,0.549331605,-0.767929137,1,0,0,0,0,0,0,0,0,0,0,0,0,0,0,0
-0.337280154,0.430480897,-0.565338254,1,0,0,0,0,0,0,0,0,0,0,0,0,0,0,0
-0.618530214,0.566696167,-0.471908629,1,0,0,0,0,0,0,0,0,0,0,0,0,0,0,0
-0.781081975,0.596038759,-0.4587861,1,0,0,0,0,0,0,0,0,0,0,0,0,0,0,0
-0.639022708,0.530135989,-0.466262966,1,0,0,0,0,0,0,0,0,0,0,0,0,0,0,0
-0.71269232,0.44418335,-0.49508661,1,0,0,0,0,0,0,0,0,0,0,0,0,0,0,0
-0.836746097,0.417800874,-0.432037443,1,0,0,0,0,0,0,0,0,0,0,0,0,0,0,0
-0.774032474,0.460601777,-0.358001858,1,0,0,0,0,0,0,0,0,0,0,0,0,0,0,0
-0.883331239,0.308242768,-0.34928906,1,0,0,0,0,0,0,0,0,0,0,0,0,0,0,0
-0.804107547,0.288955688,-0.288116544,1,0,0,0,0,0,0,0,0,0,0,0,0,0,0,0
-0.873657167,0.331726074,-0.202575862,1,0,0,0,0,0,0,0,0,0,0,0,0,0,0,0
-0.918182254,0.234405532,-0.158996686,1,0,0,0,0,0,0,0,0,0,0,0,0,0,0,0
-0.89944464,0.107635528,-0.213897839,1,0,0,0,0,0,0,0,0,0,0,0,0,0,0,0
-0.952255189,0.046386743,-0.162872449,1,0,0,0,0,0,0,0,0,0,0,0,0,0,0,0
-1.050765872,-0.063705415,-0.187805355,1,0,0,0,0,0,0,0,0,0,0,0,0,0,0,0
-1.029800475,-0.115631089,-0.033233762,1,0,0,0,0,0,0,0,0,0,0,0,0,0,0,0
-0.958374083,-0.140670776,-0.115036184,1,0,0,0,0,0,0,0,0,0,0,0,0,0,0,0
-0.982482851,-0.264572084,0.059905764,1,0,0,0,0,0,0,0,0,0,0,0,0,0,0,0
-0.81628418,-0.567947298,0.07734672,1,0,0,0,0,0,0,0,0,0,0,0,0,0,0,0
-0.803039372,-0.596359074,0.155807242,1,0,0,0,0,0,0,0,0,0,0,0,0,0,0,0
-0.836486876,-0.508636475,0.26626581,1,0,0,0,0,0,0,0,0,0,0,0,0,0,0,0
-0.78993237,-0.538742065,0.259734899,1,0,0,0,0,0,0,0,0,0,0,0,0,0,0,0
-0.805236936,-0.548873961,0.263854921,1,0,0,0,0,0,0,0,0,0,0,0,0,0,0,0
-0.797836304,-0.537093997,0.277969226,1,0,0,0,0,0,0,0,0,0,0,0,0,0,0,0
-0.770797729,-0.633102357,0.151260138,1,0,0,0,0,0,0,0,0,0,0,0,0,0,0,0
-0.795104921,-0.536270082,0.229812473,1,0,0,0,0,0,0,0,0,0,0,0,0,0,0,0
-0.762420774,-0.564437866,0.246734411,1,0,0,0,0,0,0,0,0,0,0,0,0,0,0,0
-0.760620236,-0.57762146,0.242217779,1,0,0,0,0,0,0,0,0,0,0,0,0,0,0,0
-0.762329221,-0.617126405,0.260665804,1,0,0,0,0,0,0,0,0,0,0,0,0,0,0,0
-0.729156435,-0.614349306,0.287612766,1,0,0,0,0,0,0,0,0,0,0,0,0,0,0,0
-0.715347469,-0.61604315,0.325988621,1,0,0,0,0,0,0,0,0,0,0,0,0,0,0,0
-0.705520511,-0.58923322,0.378768623,1,0,0,0,0,0,0,0,0,0,0,0,0,0,0,0
-0.714080811,-0.641342103,0.354964972,1,0,0,0,0,0,0,0,0,0,0,0,0,0,0,0
-0.698516905,-0.606674194,0.352920383,1,0,0,0,0,0,0,0,0,0,0,0,0,0,0,0
-0.703262448,-0.612243652,0.36782825,1,0,0,0,0,0,0,0,0,0,0,0,0,0,0,0
-0.696395814,-0.627410829,0.34237659,1,0,0,0,0,0,0,0,0,0,0,0,0,0,0,0
-0.699401796,-0.619567811,0.34086588,1,0,0,0,0,0,0,0,0,0,0,0,0,0,0,0
-0.695129275,-0.64277637,0.350768864,1,0,0,0,0,0,0,0,0,0,0,0,0,0,0,0
-0.681472838,-0.631942749,0.364150882,1,0,0,0,0,0,0,0,0,0,0,0,0,0,0,0
-0.682419002,-0.61831677,0.372955263,1,0,0,0,0,0,0,0,0,0,0,0,0,0,0,0
-0.683441162,-0.619506776,0.365463078,1,0,0,0,0,0,0,0,0,0,0,0,0,0,0,0
-0.693344116,-0.613891482,0.376540989,1,0,0,0,0,0,0,0,0,0,0,0,0,0,0,0
-0.69303894,-0.62084955,0.366058171,1,0,0,0,0,0,0,0,0,0,0,0,0,0,0,0
-0.693069458,-0.621566832,0.361587346,1,0,0,0,0,0,0,0,0,0,0,0,0,0,0,0
-0.691482484,-0.608413577,0.364043891,1,0,0,0,0,0,0,0,0,0,0,0,0,0,0,0
-0.684020996,-0.63810724,0.352401555,1,0,0,0,0,0,0,0,0,0,0,0,0,0,0,0
-0.696228027,-0.615249634,0.372650057,1,0,0,0,0,0,0,0,0,0,0,0,0,0,0,0
-0.693801761,-0.607635379,0.383559912,0,0,0,0,0,0,0,0,0,0,0,0,0,0,1,0
-0.691345096,-0.608535647,0.390411198,0,0,0,0,0,0,0,0,0,0,0,0,0,0,1,0
-0.686218143,-0.610793889,0.392196327,0,0,0,0,0,0,0,0,0,0,0,0,0,0,1,0
-0.687866151,-0.606063724,0.393386543,0,0,0,0,0,0,0,0,0,0,0,0,0,0,1,0
-0.693008363,-0.605667055,0.398422062,0,0,0,0,0,0,0,0,0,0,0,0,0,0,1,0
-0.685684383,-0.604354918,0.392684877,0,0,0,0,0,0,0,0,0,0,0,0,0,0,1,0
-0.687393129,-0.608932376,0.395233035,0,0,0,0,0,0,0,0,0,0,0,0,0,0,1,0
-0.686019838,-0.60256952,0.400527775,0,0,0,0,0,0,0,0,0,0,0,0,0,0,1,0
-0.689605772,-0.606826782,0.391845703,0,0,0,0,0,0,0,0,0,0,0,0,0,0,1,0
-0.691467345,-0.604080141,0.395980597,0,0,0,0,0,0,0,0,0,0,0,0,0,0,1,0
-0.688369751,-0.601867616,0.396072209,0,0,0,0,0,0,0,0,0,0,0,0,0,0,1,0
-0.684341371,-0.601104617,0.400771856,0,0,0,0,0,0,0,0,0,0,0,0,0,0,1,0
-0.688888371,-0.595748782,0.40942356,0,0,0,0,0,0,0,0,0,0,0,0,0,0,1,0
-0.693221986,-0.603195131,0.389907628,0,0,0,0,0,0,0,0,0,0,0,0,0,0,1,0
-0.690750122,-0.594390869,0.423965365,0,0,0,0,0,0,0,0,0,0,0,0,0,0,1,0
-0.679397643,-0.603790283,0.408889681,0,0,0,0,0,0,0,0,0,0,0,0,0,0,1,0
-0.700714171,-0.587921143,0.384551883,0,0,0,0,0,0,0,0,0,0,0,0,0,0,1,0
-0.695083618,-0.601303041,0.393371522,0,0,0,0,0,0,0,0,0,0,0,0,0,0,1,0
-0.694854796,-0.597457886,0.404464662,0,0,0,0,0,0,0,0,0,0,0,0,0,0,1,0
-0.700225711,-0.597686708,0.393707067,0,0,0,0,0,0,0,0,0,0,0,0,0,0,1,0
-0.695083559,-0.597747684,0.397964239,0,0,0,0,0,0,0,0,0,0,0,0,0,0,1,0
-0.688217103,-0.603515506,0.396255285,0,0,0,0,0,0,0,0,0,0,0,0,0,0,1,0
-0.688827515,-0.601898193,0.392898381,0,0,0,0,0,0,0,0,0,0,0,0,0,0,1,0
-0.697021484,-0.593505859,0.404281527,0,0,0,0,0,0,0,0,0,0,0,0,0,0,1,0
-0.702850401,-0.590408325,0.388473421,0,0,0,0,0,0,0,0,0,0,0,0,0,0,1,0
-0.692733824,-0.601593018,0.392059237,0,0,0,0,0,0,0,0,0,0,0,0,0,0,1,0
-0.694518983,-0.60144031,0.390701085,0,0,0,0,0,0,0,0,0,0,0,0,0,0,1,0
-0.696868956,-0.599029541,0.390594363,0,0,0,0,0,0,0,0,0,0,0,0,0,0,1,0
-0.695617616,-0.598663211,0.396377444,0,0,0,0,0,0,0,0,0,0,0,0,0,0,1,0
-0.693969667,-0.599319339,0.399993718,0,0,0,0,0,0,0,0,0,0,0,0,0,0,1,0
-0.701354921,-0.587402225,0.394057989,0,0,0,0,0,0,0,0,0,0,0,0,0,0,1,0
-0.697219908,-0.598175049,0.392608523,0,0,0,0,0,0,0,0,0,0,0,0,0,0,1,0
-0.697540283,-0.594024658,0.396392763,0,0,0,0,0,0,0,0,0,0,0,0,0,0,1,0
-0.696243227,-0.597732484,0.3920286,0,0,0,0,0,0,0,0,0,0,0,0,0,0,1,0
-0.694366455,-0.596481264,0.398406804,0,0,0,0,0,0,0,0,0,0,0,0,0,0,1,0
-0.695846498,-0.594619632,0.399307042,0,0,0,0,0,0,0,0,0,0,0,0,0,0,1,0
-0.697631776,-0.5935058,0.398818642,0,0,0,0,0,0,0,0,0,0,0,0,0,0,1,0
-0.687118411,-0.59703058,0.410354376,0,0,0,0,0,0,0,0,0,0,0,0,0,0,1,0
-0.693206847,-0.596160889,0.402999759,0,0,0,0,0,0,0,0,0,0,0,0,0,0,1,0
-0.700882018,-0.589035034,0.401748568,0,0,0,0,0,0,0,0,0,0,0,0,0,0,1,0
-0.690475404,-0.596206486,0.399398625,0,0,0,0,0,0,0,0,0,0,0,0,0,0,1,0
-0.693572938,-0.597381473,0.400863349,0,0,0,0,0,0,0,0,0,0,0,0,0,0,1,0
-0.69241339,-0.597579956,0.401061952,0,0,0,0,0,0,0,0,0,0,0,0,0,0,1,0
-0.696334779,-0.590728641,0.399047673,0,0,0,0,0,0,0,0,0,0,0,0,0,0,1,0
-0.698699892,-0.591506839,0.395263404,0,0,0,0,0,0,0,0,0,0,0,0,0,0,1,0
-0.692749083,-0.592758179,0.412856907,0,0,0,0,0,0,0,0,0,0,0,0,0,0,1,0
-0.693420291,-0.597152591,0.40058884,0,0,0,0,0,0,0,0,0,0,0,0,0,0,1,0
-0.701126039,-0.596267581,0.390258551,0,0,0,0,0,0,0,0,0,0,0,0,0,0,1,0
-0.699203372,-0.58985889,0.392593235,0,0,0,0,0,0,0,0,0,0,0,0,0,0,1,0
-0.693344057,-0.596221805,0.396148533,0,0,0,0,0,0,0,0,0,0,0,0,0,0,1,0
-0.695007265,-0.600494266,0.393752843,0,0,0,0,0,0,0,0,0,0,0,0,0,0,1,0
-0.696395874,-0.595199645,0.401077062,0,0,0,0,0,0,0,0,0,0,0,0,0,0,1,0
-0.690353334,-0.599182069,0.403838903,0,0,0,0,0,0,0,0,0,0,0,0,0,0,1,0
-0.696365297,-0.596054018,0.396987706,0,0,0,0,0,0,0,0,0,0,0,0,0,0,1,0
-0.695983946,-0.591506958,0.397369295,0,0,0,0,0,0,0,0,0,0,0,0,0,0,1,0
-0.691696167,-0.603607237,0.392486423,0,0,0,0,0,0,0,0,0,0,0,0,0,0,1,0
-0.694518864,-0.604064763,0.392608255,0,0,0,0,0,0,0,0,0,0,0,0,0,0,1,0
-0.693801939,-0.59010309,0.40866074,0,0,0,0,0,0,0,0,0,0,0,0,0,0,1,0
-0.68876642,-0.604263246,0.40147385,0,0,0,0,0,0,0,0,0,0,0,0,0,0,1,0
-0.703201294,-0.59489435,0.392486334,0,0,0,0,0,0,0,0,0,0,0,0,0,0,1,0
-0.696853697,-0.602676392,0.388473392,0,0,0,0,0,0,0,0,0,0,0,0,0,0,1,0
-0.692199826,-0.598617554,0.399276584,0,0,0,0,0,0,0,0,0,0,0,0,0,0,1,0
-0.687545776,-0.607772827,0.392623633,0,0,0,0,0,0,0,0,0,0,0,0,0,0,1,0
-0.689804137,-0.598526001,0.39920035,0,0,0,0,0,0,0,0,0,0,0,0,0,0,1,0
-0.683135867,-0.60925287,0.410079688,0,0,0,0,0,0,0,0,0,0,0,0,0,0,1,0
-0.693206668,-0.606551886,0.38447547,0,0,0,0,0,0,0,0,0,0,0,0,0,0,1,0
-0.688690186,-0.61428833,0.395309299,0,0,0,0,0,0,0,0,0,0,0,0,0,0,1,0
-0.687606871,-0.606307983,0.406951755,0,0,0,0,0,0,0,0,0,0,0,0,0,0,1,0
-0.690307617,-0.606399417,0.383529425,0,0,0,0,0,0,0,0,0,0,0,0,0,0,1,0
-0.680160522,-0.599472046,0.404724032,0,0,0,0,0,0,0,0,0,0,0,0,0,0,1,0
-0.681976378,-0.618972778,0.404907078,0,0,0,0,0,0,0,0,0,0,0,0,0,0,1,0
-0.677490234,-0.613128603,0.410064489,0,0,0,0,0,0,0,0,0,0,0,0,0,0,1,0
-0.675445557,-0.597015321,0.418044895,0,0,0,0,0,0,0,0,0,0,0,0,0,0,1,0
-0.669662535,-0.614746034,0.414047152,0,0,0,0,0,0,0,0,0,0,0,0,0,0,1,0
-0.679260135,-0.607986331,0.397292882,0,0,0,0,0,0,0,0,0,0,0,0,0,0,1,0
-0.679748416,-0.63723743,0.408614874,0,0,0,0,0,0,0,0,0,0,0,0,0,0,1,0
-0.669815123,-0.6171875,0.40487659,0,0,0,0,0,0,0,0,0,0,0,0,0,0,1,0
-0.675903261,-0.620712221,0.402236789,0,0,0,0,0,0,0,0,0,0,0,0,0,0,1,0
-0.668884158,-0.614364505,0.390456915,0,0,0,0,0,0,0,0,0,0,0,0,0,0,1,0
-0.659301758,-0.621948183,0.400298864,0,0,0,0,0,0,0,0,0,0,0,0,0,0,1,0
-0.664276063,-0.624206424,0.406753242,0,0,0,0,0,0,0,0,0,0,0,0,0,0,1,0
-0.665542543,-0.624267519,0.407027841,0,0,0,0,0,0,0,0,0,0,0,0,0,0,1,0
-0.666427553,-0.619994998,0.40274027,0,0,0,0,0,0,0,0,0,0,0,0,0,0,1,0
-0.659454286,-0.621810853,0.389571935,0,0,0,0,0,0,0,0,0,0,0,0,0,0,1,0
-0.666412532,-0.628662229,0.431915164,0,0,0,0,0,0,0,0,0,0,0,0,0,0,1,0
-0.657867372,-0.628250003,0.401565284,0,0,0,0,0,0,0,0,0,0,0,0,0,0,1,0
-0.66180414,-0.623962283,0.417876989,0,0,0,0,0,0,0,0,0,0,0,0,0,0,1,0
-0.663528502,-0.626098633,0.394958347,0,0,0,0,0,0,0,0,0,0,0,0,0,0,1,0
-0.663635254,-0.626434326,0.409713596,0,0,0,0,0,0,0,0,0,0,0,0,0,0,1,0
-0.661209166,-0.626373291,0.409759432,0,0,0,0,0,0,0,0,0,0,0,0,0,0,1,0
-0.65750134,-0.624084592,0.398712128,0,0,0,0,0,0,0,0,0,0,0,0,0,0,1,0
-0.647125244,-0.625579774,0.406799108,0,0,0,0,0,0,0,0,0,0,0,0,0,0,1,0
-0.64666748,-0.618484378,0.428085178,0,0,0,0,0,0,0,0,0,0,0,0,0,0,1,0
-0.664245486,-0.620864749,0.424972326,0,0,0,0,0,0,0,0,0,0,0,0,0,0,1,0
-0.655731201,-0.625854433,0.407501042,0,0,0,0,0,0,0,0,0,0,0,0,0,0,1,0
-0.654434144,-0.637145817,0.401031315,0,0,0,0,0,0,0,0,0,0,0,0,0,0,1,0
-0.652664065,-0.638259649,0.406554908,0,0,0,0,0,0,0,0,0,0,0,0,0,0,1,0
-0.648300111,-0.634689212,0.414916784,0,0,0,0,0,0,0,0,0,0,0,0,0,0,1,0
-0.652664185,-0.633682311,0.41294843,0,0,0,0,0,0,0,0,0,0,0,0,0,0,1,0
-0.66015619,-0.63043201,0.413284063,0,0,0,0,0,0,0,0,0,0,0,0,0,0,1,0
-0.652175963,-0.628967226,0.414306432,0,0,0,0,0,0,0,0,0,0,0,0,0,0,1,0
-0.653762758,-0.635818362,0.419143528,0,0,0,0,0,0,0,0,0,0,0,0,0,0,1,0
-0.647644043,-0.634445131,0.40953052,0,0,0,0,0,0,0,0,0,0,0,0,0,0,1,0
-0.650665283,-0.635436893,0.415740788,0,0,0,0,0,0,0,0,0,0,0,0,0,0,1,0
-0.649505615,-0.640045106,0.410995275,0,0,0,0,0,0,0,0,0,0,0,0,0,0,1,0
-0.657928467,-0.638656616,0.399856061,0,0,0,0,0,0,0,0,0,0,0,0,0,0,1,0
-0.659805238,-0.623412967,0.408981085,0,0,0,0,0,0,0,0,0,0,0,0,0,0,1,0
-0.650039613,-0.637542605,0.410857946,0,0,0,0,0,0,0,0,0,0,0,0,0,0,1,0
-0.645477295,-0.642120302,0.408248305,0,0,0,0,0,0,0,0,0,0,0,0,0,0,1,0
-0.660705626,-0.62852478,0.410491735,0,0,0,0,0,0,0,0,0,0,0,0,0,0,1,0
-0.65991205,-0.627578557,0.408996463,0,0,0,0,0,0,0,0,0,0,0,0,0,0,1,0
-0.649719179,-0.63534534,0.417236179,0,0,0,0,0,0,0,0,0,0,0,0,0,0,1,0
-0.650131166,-0.63609302,0.417388648,0,0,0,0,0,0,0,0,0,0,0,0,0,0,1,0
-0.656097412,-0.627502441,0.410156101,0,0,0,0,0,0,0,0,0,0,0,0,0,0,1,0
-0.653533995,-0.63458252,0.40373224,0,0,0,0,0,0,0,0,0,0,0,0,0,0,1,0
-0.662841737,-0.627837956,0.407684088,0,0,0,0,0,0,0,0,0,0,0,0,0,0,1,0
-0.650146544,-0.636901855,0.414764285,0,0,0,0,0,0,0,0,0,0,0,0,0,0,1,0
-0.645874083,-0.634292603,0.420608371,0,0,0,0,0,0,0,0,0,0,0,0,0,0,1,0
-0.653259218,-0.634811282,0.415939093,0,0,0,0,0,0,0,0,0,0,0,0,0,0,1,0
-0.65965277,-0.629180968,0.408767641,0,0,0,0,0,0,0,0,0,0,0,0,0,0,1,0
-0.65574652,-0.629272401,0.407592535,0,0,0,0,0,0,0,0,0,0,0,0,0,0,1,0
-0.653274536,-0.630004823,0.415695012,0,0,0,0,0,0,0,0,0,0,0,0,0,0,1,0
-0.653015077,-0.630859256,0.412826359,0,0,0,0,0,0,0,0,0,0,0,0,0,0,1,0
-0.655868411,-0.629958987,0.412139654,0,0,0,0,0,0,0,0,0,0,0,0,0,0,1,0
-0.654342532,-0.626754582,0.421630561,0,0,0,0,0,0,0,0,0,0,0,0,0,0,1,0
-0.650558412,-0.629440188,0.416274756,0,0,0,0,0,0,0,0,0,0,0,0,0,0,1,0
-0.65335083,-0.630706728,0.418502569,0,0,0,0,0,0,0,0,0,0,0,0,0,0,1,0
-0.654159546,-0.627136171,0.417449772,0,0,0,0,0,0,0,0,0,0,0,0,0,0,1,0
-0.65298456,-0.626785219,0.419341773,0,0,0,0,0,0,0,0,0,0,0,0,0,0,1,0
-0.657958865,-0.622665226,0.417587042,0,0,0,0,0,0,0,0,0,0,0,0,0,0,1,0
-0.658157289,-0.623809695,0.413451999,0,0,0,0,0,0,0,0,0,0,0,0,0,0,1,0
-0.654815614,-0.631591618,0.411987126,0,0,0,0,0,0,0,0,0,0,0,0,0,0,1,0
-0.654251218,-0.624466121,0.431976229,0,0,0,0,0,0,0,0,0,0,0,0,0,0,1,0
-0.651824892,-0.627853274,0.419891238,0,0,0,0,0,0,0,0,0,0,0,0,0,0,1,0
-0.652496278,-0.628646731,0.410308689,0,0,0,0,0,0,0,0,0,0,0,0,0,0,1,0
-0.656936705,-0.624908388,0.419662207,0,0,0,0,0,0,0,0,0,0,0,0,0,0,1,0
-0.652801454,-0.624557436,0.424224675,0,0,0,0,0,0,0,0,0,0,0,0,0,0,1,0
-0.655990481,-0.625305057,0.42051667,0,0,0,0,0,0,0,0,0,0,0,0,0,0,1,0
-0.659790039,-0.617599368,0.41937229,0,0,0,0,0,0,0,0,0,0,0,0,0,0,1,0
-0.651397645,-0.62274164,0.429809451,0,0,0,0,0,0,0,0,0,0,0,0,0,0,1,0
-0.654174745,-0.626159608,0.423858583,0,0,0,0,0,0,0,0,0,0,0,0,0,0,1,0
-0.655075014,-0.622909427,0.419845372,0,0,0,0,0,0,0,0,0,0,0,0,0,0,1,0
-0.656234741,-0.622421205,0.420165807,0,0,0,0,0,0,0,0,0,0,0,0,0,0,1,0
-0.656555116,-0.622482181,0.425246894,0,0,0,0,0,0,0,0,0,0,0,0,0,0,1,0
-0.655944765,-0.618347049,0.424438298,0,0,0,0,0,0,0,0,0,0,0,0,0,0,1,0
-0.652770936,-0.623474061,0.414794773,0,0,0,0,0,0,0,0,0,0,0,0,0,0,1,0
-0.659225464,-0.624176025,0.415435672,0,0,0,0,0,0,0,0,0,0,0,0,0,0,1,0
-0.665740967,-0.616836488,0.410522312,0,0,0,0,0,0,0,0,0,0,0,0,0,0,1,0
-0.659332216,-0.620284975,0.417190284,0,0,0,0,0,0,0,0,0,0,0,0,0,0,1,0
-0.664718807,-0.617874265,0.41722095,0,0,0,0,0,0,0,0,0,0,0,0,0,0,1,0
-0.659423769,-0.623382449,0.413543493,0,0,0,0,0,0,0,0,0,0,0,0,0,0,1,0
-0.662322998,-0.623123109,0.419662297,0,0,0,0,0,0,0,0,0,0,0,0,0,0,1,0
-0.664428651,-0.62110889,0.423232853,0,0,0,0,0,0,0,0,0,0,0,0,0,0,1,0
-0.659973025,-0.619003117,0.407882422,0,0,0,0,0,0,0,0,0,0,0,0,0,0,1,0
-0.655914307,-0.621139467,0.424560279,0,0,0,0,0,0,0,0,0,0,0,0,0,0,1,0
-0.660354614,-0.619995058,0.42213428,0,0,0,0,0,0,0,0,0,0,0,0,0,0,1,0
-0.673996031,-0.610488892,0.413314641,0,0,0,0,0,0,0,0,0,0,0,0,0,0,1,0
-0.666229188,-0.602142274,0.432799935,0,0,0,0,0,0,0,0,0,0,0,0,0,0,1,0
-0.651168823,-0.619491577,0.435974032,0,0,0,0,0,0,0,0,0,0,0,0,0,0,1,0
-0.667709351,-0.604141176,0.427703768,0,0,0,0,0,0,0,0,0,0,0,0,0,0,1,0
-0.663757324,-0.604324281,0.426696569,0,0,0,0,0,0,0,0,0,0,0,0,0,0,1,0
-0.674255192,-0.601180851,0.419326514,0,0,0,0,0,0,0,0,0,0,0,0,0,0,1,0
-0.669433653,-0.600784302,0.427749515,0,0,0,0,0,0,0,0,0,0,0,0,0,0,1,0
-0.649932742,-0.618057132,0.432082832,0,0,0,0,0,0,0,0,0,0,0,0,0,0,1,0
-0.679260314,-0.599868774,0.438934565,0,0,0,0,0,0,0,0,0,0,0,0,0,0,1,0
-0.672012269,-0.598602235,0.437408298,0,0,0,0,0,0,0,0,0,0,0,0,0,0,1,0
-0.668273926,-0.593765318,0.436950624,0,0,0,0,0,0,0,0,0,0,0,0,0,0,1,0
-0.673049927,-0.598495483,0.42277512,0,0,0,0,0,0,0,0,0,0,0,0,0,0,1,0
-0.66506958,-0.606735229,0.427688092,0,0,0,0,0,0,0,0,0,0,0,0,0,0,1,0
-0.672027767,-0.602096617,0.4396514,0,0,0,0,0,0,0,0,0,0,0,0,0,0,1,0
-0.672225833,-0.60636884,0.42581144,0,0,0,0,0,0,0,0,0,0,0,0,0,0,1,0
-0.67124939,-0.601150453,0.426894963,0,0,0,0,0,0,0,0,0,0,0,0,0,0,1,0
-0.663513005,-0.611373782,0.438628882,0,0,0,0,0,0,0,0,0,0,0,0,0,0,1,0
-0.664337039,-0.60256952,0.436095953,0,0,0,0,0,0,0,0,0,0,0,0,0,0,1,0
-0.660736144,-0.605117857,0.436614871,0,0,0,0,0,0,0,0,0,0,0,0,0,0,1,0
-0.662612915,-0.607528687,0.434585392,0,0,0,0,0,0,0,0,0,0,0,0,0,0,1,0
-0.667572081,-0.608932495,0.428253084,0,0,0,0,0,0,0,0,0,0,0,0,0,0,1,0
-0.668487489,-0.604415774,0.42680341,0,0,0,0,0,0,0,0,0,0,0,0,0,0,1,0
-0.664917052,-0.604064941,0.439452946,0,0,0,0,0,0,0,0,0,0,0,0,0,0,1,0
-0.661575198,-0.608154178,0.433425605,0,0,0,0,0,0,0,0,0,0,0,0,0,0,1,0
-0.656799436,-0.613265991,0.42970261,0,0,0,0,0,0,0,0,0,0,0,0,0,0,1,0
-0.670165956,-0.603912294,0.434310615,0,0,0,0,0,0,0,0,0,0,0,0,0,0,1,0
-0.665374935,-0.60029608,0.438461125,0,0,0,0,0,0,0,0,0,0,0,0,0,0,1,0
-0.657028139,-0.612136781,0.432952553,0,0,0,0,0,0,0,0,0,0,0,0,0,0,1,0
-0.663421512,-0.604873598,0.440795571,0,0,0,0,0,0,0,0,0,0,0,0,0,0,1,0
-0.663375854,-0.603805423,0.441695929,0,0,0,0,0,0,0,0,0,0,0,0,0,0,1,0
-0.665161192,-0.602600038,0.439971775,0,0,0,0,0,0,0,0,0,0,0,0,0,0,1,0
-0.654784977,-0.610427678,0.433120459,0,0,0,0,0,0,0,0,0,0,0,0,0,0,1,0
-0.655136049,-0.615203738,0.445998907,0,0,0,0,0,0,0,0,0,0,0,0,0,0,1,0
-0.665969908,-0.610641479,0.44190973,0,0,0,0,0,0,0,0,0,0,0,0,0,0,1,0
-0.659408629,-0.598846436,0.44342038,0,0,0,0,0,0,0,0,0,0,0,0,0,0,1,0
-0.65524298,-0.606842041,0.450027257,0,0,0,0,0,0,0,0,0,0,0,0,0,0,1,0
-0.660125792,-0.604019105,0.455413699,0,0,0,0,0,0,0,0,0,0,0,0,0,0,1,0
-0.653533995,-0.606002808,0.450073123,0,0,0,0,0,0,0,0,0,0,0,0,0,0,1,0
-0.657669127,-0.605102539,0.44432056,0,0,0,0,0,0,0,0,0,0,0,0,0,0,1,0
-0.656158507,-0.614257753,0.437332094,0,0,0,0,0,0,0,0,0,0,0,0,0,0,1,0
-0.659072936,-0.606384218,0.440002322,0,0,0,0,0,0,0,0,0,0,0,0,0,0,1,0
-0.659561157,-0.61051929,0.43801859,0,0,0,0,0,0,0,0,0,0,0,0,0,0,1,0
-0.656295836,-0.613250792,0.444793671,0,0,0,0,0,0,0,0,0,0,0,0,0,0,1,0
-0.65486145,-0.606201172,0.455581546,0,0,0,0,0,0,0,0,0,0,0,0,0,0,1,0
-0.659057677,-0.607406616,0.436675876,0,0,0,0,0,0,0,0,0,0,0,0,0,0,1,0
-0.662795901,-0.605056643,0.440887153,0,0,0,0,0,0,0,0,0,0,0,0,0,0,1,0
-0.655197144,-0.606658936,0.444213957,0,0,0,0,0,0,0,0,0,0,0,0,0,0,1,0
-0.650207579,-0.614624023,0.43701154,0,0,0,0,0,0,0,0,0,0,0,0,0,0,1,0
-0.661056459,-0.601745427,0.447189152,0,0,0,0,0,0,0,0,0,0,0,0,0,0,1,0
-0.658569217,-0.597854435,0.456084907,0,0,0,0,0,0,0,0,0,0,0,0,0,0,1,0
-0.664611757,-0.601287782,0.440780401,0,0,0,0,0,0,0,0,0,0,0,0,0,0,1,0
-0.663116515,-0.605163574,0.443527013,0,0,0,0,0,0,0,0,0,0,0,0,0,0,1,0
-0.659362793,-0.600448608,0.447128147,0,0,0,0,0,0,0,0,0,0,0,0,0,0,1,0
-0.660827577,-0.598846316,0.447631568,0,0,0,0,0,0,0,0,0,0,0,0,0,0,1,0
-0.657806337,-0.600082338,0.448089361,0,0,0,0,0,0,0,0,0,0,0,0,0,0,1,0
-0.660430908,-0.6010589,0.443588108,0,0,0,0,0,0,0,0,0,0,0,0,0,0,1,0
-0.660003722,-0.601379395,0.45085144,0,0,0,0,0,0,0,0,0,0,0,0,0,0,1,0
-0.670730591,-0.59111011,0.43096897,0,0,0,0,0,0,0,0,0,0,0,0,0,0,1,0
-0.662811279,-0.601135254,0.444885194,0,0,0,0,0,0,0,0,0,0,0,0,0,0,1,0
-0.663803041,-0.598190248,0.448913395,0,0,0,0,0,0,0,0,0,0,0,0,0,0,1,0
-0.659759402,-0.59704572,0.453475744,0,0,0,0,0,0,0,0,0,0,0,0,0,0,1,0
-0.661178529,-0.596923709,0.446243137,0,0,0,0,0,0,0,0,0,0,0,0,0,0,1,0
-0.664093077,-0.595214844,0.449813813,0,0,0,0,0,0,0,0,0,0,0,0,0,0,1,0
-0.657791197,-0.5987854,0.445998996,0,0,0,0,0,0,0,0,0,0,0,0,0,0,1,0
-0.659210205,-0.602462769,0.435195804,0,0,0,0,0,0,0,0,0,0,0,0,0,0,1,0
-0.65940845,-0.598251104,0.455047369,0,0,0,0,0,0,0,0,0,0,0,0,0,0,1,0
-0.664093077,-0.598815978,0.445037663,0,0,0,0,0,0,0,0,0,0,0,0,0,0,1,0
-0.665969908,-0.595214844,0.441528201,0,0,0,0,0,0,0,0,0,0,0,0,0,0,1,0
-0.662414551,-0.596740723,0.443938971,0,0,0,0,0,0,0,0,0,0,0,0,0,0,1,0
-0.65890497,-0.599517703,0.450042486,0,0,0,0,0,0,0,0,0,0,0,0,0,0,1,0
-0.660766661,-0.600646973,0.447418034,0,0,0,0,0,0,0,0,0,0,0,0,0,0,1,0
-0.66444397,-0.597412109,0.454253912,0,0,0,0,0,0,0,0,0,0,0,0,0,0,1,0
-0.6668396,-0.595962524,0.446624577,0,0,0,0,0,0,0,0,0,0,0,0,0,0,1,0
-0.66656512,-0.597503722,0.435394228,0,0,0,0,0,0,0,0,0,0,0,0,0,0,1,0
-0.657089174,-0.600387514,0.454788089,0,0,0,0,0,0,0,0,0,0,0,0,0,0,1,0
-0.663970947,-0.602539003,0.4385221,0,0,0,0,0,0,0,0,0,0,0,0,0,0,1,0
-0.670028687,-0.595520079,0.43888849,0,0,0,0,0,0,0,0,0,0,0,0,0,0,1,0
-0.664764285,-0.59791553,0.450667977,0,0,0,0,0,0,0,0,0,0,0,0,0,0,1,0
-0.66632086,-0.595825255,0.442077518,0,0,0,0,0,0,0,0,0,0,0,0,0,0,1,0
-0.675354064,-0.588195801,0.44746393,0,0,0,0,0,0,0,0,0,0,0,0,0,0,1,0
-0.659820497,-0.597015202,0.454559058,0,0,0,0,0,0,0,0,0,0,0,0,0,0,1,0
-0.664154053,-0.596923769,0.452453434,0,0,0,0,0,0,0,0,0,0,0,0,0,0,1,0
-0.664764404,-0.598007143,0.444472998,0,0,0,0,0,0,0,0,0,0,0,0,0,0,1,0
-0.662078798,-0.599334657,0.444885015,0,0,0,0,0,0,0,0,0,0,0,0,0,0,1,0
-0.667632997,-0.592178226,0.45037809,0,0,0,0,0,0,0,0,0,0,0,0,0,0,1,0
-0.67262274,-0.591064394,0.442428529,0,0,0,0,0,0,0,0,0,0,0,0,0,0,1,0
-0.667984009,-0.598403931,0.442504704,0,0,0,0,0,0,0,0,0,0,0,0,0,0,1,0
-0.666687071,-0.595748961,0.449691683,0,0,0,0,0,0,0,0,0,0,0,0,0,0,1,0
-0.66482538,-0.596588016,0.449981391,0,0,0,0,0,0,0,0,0,0,0,0,0,0,1,0
-0.65977478,-0.599807739,0.441329807,0,0,0,0,0,0,0,0,0,0,0,0,0,0,1,0
-0.665741026,-0.597183228,0.448760837,0,0,0,0,0,0,0,0,0,0,0,0,0,0,1,0
-0.66456598,-0.598586917,0.448547125,0,0,0,0,0,0,0,0,0,0,0,0,0,0,1,0
-0.664093018,-0.592269778,0.45050028,0,0,0,0,0,0,0,0,0,0,0,0,0,0,1,0
-0.659546077,-0.590210021,0.458541811,0,0,0,0,0,0,0,0,0,0,0,0,0,0,1,0
-0.661147952,-0.594161868,0.448898077,0,0,0,0,0,0,0,0,0,0,0,0,0,0,1,0
-0.663116455,-0.587371826,0.458907902,0,0,0,0,0,0,0,0,0,0,0,0,0,0,1,0
-0.665176272,-0.593780458,0.455733985,0,0,0,0,0,0,0,0,0,0,0,0,0,0,1,0
-0.660751343,-0.593795717,0.448180974,0,0,0,0,0,0,0,0,0,0,0,0,0,0,1,0
-0.663497865,-0.588104129,0.467422247,0,0,0,0,0,0,0,0,0,0,0,0,0,0,1,0
-0.658447206,-0.592407167,0.4597013,0,0,0,0,0,0,0,0,0,0,0,0,0,0,1,0
-0.665222049,-0.587432742,0.44760102,0,0,0,0,0,0,0,0,0,0,0,0,0,0,1,0
-0.687347353,-0.580947757,0.445800543,0,1,0,0,0,0,0,0,0,0,0,0,0,0,0,0
-0.67893976,-0.576766789,0.427245766,0,1,0,0,0,0,0,0,0,0,0,0,0,0,0,0
-0.679107606,-0.582260132,0.449126959,0,1,0,0,0,0,0,0,0,0,0,0,0,0,0,0
-0.684158325,-0.579864502,0.450408816,0,1,0,0,0,0,0,0,0,0,0,0,0,0,0,0
-0.687423706,-0.59223938,0.426330477,0,1,0,0,0,0,0,0,0,0,0,0,0,0,0,0
-0.669280946,-0.586257815,0.449828863,0,1,0,0,0,0,0,0,0,0,0,0,0,0,0,0
-0.685180604,-0.57900995,0.433746129,0,1,0,0,0,0,0,0,0,0,0,0,0,0,0,0
-0.699386656,-0.580001891,0.429015994,0,1,0,0,0,0,0,0,0,0,0,0,0,0,0,0
-0.684356868,-0.59941113,0.424362153,0,1,0,0,0,0,0,0,0,0,0,0,0,0,0,0
-0.767196536,-0.573287785,0.319778174,0,1,0,0,0,0,0,0,0,0,0,0,0,0,0,0
-0.728134096,-0.590087771,0.19583118,0,1,0,0,0,0,0,0,0,0,0,0,0,0,0,0
-0.749038517,-0.613784671,0.121413946,0,1,0,0,0,0,0,0,0,0,0,0,0,0,0,0
-0.793701291,-0.620422363,0.117721438,0,1,0,0,0,0,0,0,0,0,0,0,0,0,0,0
-0.782836735,-0.555221438,-0.078323457,0,1,0,0,0,0,0,0,0,0,0,0,0,0,0,0
-0.888061404,-0.482009828,-0.248336978,0,1,0,0,0,0,0,0,0,0,0,0,0,0,0,0
-0.744201601,-0.732467592,-0.150879104,0,1,0,0,0,0,0,0,0,0,0,0,0,0,0,0
-0.806838751,-0.547256351,-0.162674114,0,1,0,0,0,0,0,0,0,0,0,0,0,0,0,0
-0.988693118,-0.523620486,-0.243469402,0,1,0,0,0,0,0,0,0,0,0,0,0,0,0,0
-1.048919737,-0.514404267,-0.492111325,0,1,0,0,0,0,0,0,0,0,0,0,0,0,0,0
-1.049041629,-0.370941117,-0.396423459,0,1,0,0,0,0,0,0,0,0,0,0,0,0,0,0
-0.933028996,0.061065707,-0.129943982,0,1,0,0,0,0,0,0,0,0,0,0,0,0,0,0
-0.933441162,0.094818141,-0.15655534,0,1,0,0,0,0,0,0,0,0,0,0,0,0,0,0
-0.901534915,0.227844246,-0.16001904,0,1,0,0,0,0,0,0,0,0,0,0,0,0,0,0
-1.043426394,0.208557129,-0.257003933,0,1,0,0,0,0,0,0,0,0,0,0,0,0,0,0
-0.83077991,0.299484238,-0.202453732,0,1,0,0,0,0,0,0,0,0,0,0,0,0,0,0
-0.802139223,0.407440186,-0.217239469,0,1,0,0,0,0,0,0,0,0,0,0,0,0,0,0
-0.801986575,0.405258179,-0.164520383,0,1,0,0,0,0,0,0,0,0,0,0,0,0,0,0
-0.952209413,0.367294312,-0.281448513,0,1,0,0,0,0,0,0,0,0,0,0,0,0,0,0
-0.844192326,0.445587128,-0.366714567,0,1,0,0,0,0,0,0,0,0,0,0,0,0,0,0
-0.83557111,0.539993256,-0.338333219,0,1,0,0,0,0,0,0,0,0,0,0,0,0,0,0
-0.803878665,0.358901918,-0.39944464,0,1,0,0,0,0,0,0,0,0,0,0,0,0,0,0
-0.684890628,0.59072876,-0.389526516,0,1,0,0,0,0,0,0,0,0,0,0,0,0,0,0
-0.646774173,0.688873231,-0.4587861,0,1,0,0,0,0,0,0,0,0,0,0,0,0,0,0
-0.61480695,0.589065492,-0.59298712,0,1,0,0,0,0,0,0,0,0,0,0,0,0,0,0
-0.515991151,0.752822757,-0.52720654,0,1,0,0,0,0,0,0,0,0,0,0,0,0,0,0
-0.469787538,0.65965271,-0.649643004,0,1,0,0,0,0,0,0,0,0,0,0,0,0,0,0
-0.371093631,0.654540896,-0.653747559,0,1,0,0,0,0,0,0,0,0,0,0,0,0,0,0
-0.33682242,0.63520807,-0.692047179,0,0,0,0,0,0,0,0,0,0,0,0,0,0,1,0
-0.200652957,0.649246097,-0.700759888,0,0,0,0,0,0,0,0,0,0,0,0,0,0,1,0
-0.242858812,0.651580751,-0.749588072,0,0,0,0,0,0,0,0,0,0,0,0,0,0,1,0
-0.224807635,0.633987308,-0.72970587,0,0,0,0,0,0,0,0,0,0,0,0,0,0,1,0
-0.147399813,0.60208118,-0.809143126,0,0,0,0,0,0,0,0,0,0,0,0,0,0,1,0
-0.074447565,0.650527894,-0.78791815,0,0,0,0,0,0,0,0,0,0,0,0,0,0,1,0
-0.202972353,0.550735354,-0.842987061,0,0,0,0,0,0,0,0,0,0,0,0,0,0,1,0
-0.011810221,0.713897645,-0.756088257,0,0,0,0,0,0,0,0,0,0,0,0,0,0,1,0
0.016037054,0.595413089,-0.803588927,0,0,0,0,0,0,0,0,0,0,0,0,0,0,1,0
-0.035720754,0.586349428,-0.804550231,0,0,0,0,0,0,0,0,0,0,0,0,0,0,1,0
-0.023055963,0.518295169,-0.856277525,0,0,0,0,0,0,0,0,0,0,0,0,0,0,1,0
-0.004486027,0.470764071,-0.870361388,0,0,0,0,0,0,0,0,0,0,0,0,0,0,1,0
0.039840752,0.492523074,-0.857879698,0,0,0,0,0,0,0,0,0,0,0,0,0,0,1,0
0.04032905,0.547958195,-0.831497192,0,0,0,0,0,0,0,0,0,0,0,0,0,0,1,0
0.030822812,0.519760013,-0.851089478,0,0,0,0,0,0,0,0,0,0,0,0,0,0,1,0
0.034057662,0.542083681,-0.83416754,0,0,0,0,0,0,0,0,0,0,0,0,0,0,1,0
0.049011283,0.556060672,-0.826751709,0,0,0,0,0,0,0,0,0,0,0,0,0,0,1,0
0.048156783,0.577956975,-0.819564819,0,0,0,0,0,0,0,0,0,0,0,0,0,0,1,0
0.061065733,0.569457889,-0.816360533,0,0,0,0,0,0,0,0,0,0,0,0,0,0,1,0
0.051528994,0.589981019,-0.80670172,0,0,0,0,0,0,0,0,0,0,0,0,0,0,1,0
0.06550603,0.584838748,-0.806427002,0,0,0,0,0,0,0,0,0,0,0,0,0,0,1,0
0.069610655,0.591689944,-0.800582945,0,0,0,0,0,0,0,0,0,0,0,0,0,0,1,0
0.06599433,0.601867557,-0.804580688,0,0,0,0,0,0,0,0,0,0,0,0,0,0,1,0
0.071014449,0.593536317,-0.793823242,0,0,0,0,0,0,0,0,0,0,0,0,0,0,1,0
0.068649344,0.592773318,-0.795974731,0,0,0,0,0,0,0,0,0,0,0,0,0,0,1,0
0.069564864,0.586349428,-0.797790527,0,0,0,0,0,0,0,0,0,0,0,0,0,0,1,0
0.075332694,0.602813661,-0.792068481,0,0,0,0,0,0,0,0,0,0,0,0,0,0,1,0
0.072280921,0.61051929,-0.788238525,0,0,0,0,0,0,0,0,0,0,0,0,0,0,1,0
0.075515792,0.608459353,-0.787643433,0,0,0,0,0,0,0,0,0,0,0,0,0,0,1,0
0.077194251,0.599990726,-0.789169312,0,0,0,0,0,0,0,0,0,0,0,0,0,0,1,0
0.073440619,0.611450076,-0.786941588,0,0,0,0,0,0,0,0,0,0,0,0,0,0,1,0
0.075546309,0.609359622,-0.78742981,0,0,0,0,0,0,0,0,0,0,0,0,0,0,1,0
0.07176213,0.614074647,-0.782394469,0,0,0,0,0,0,0,0,0,0,0,0,0,0,1,0
0.071182281,0.607131839,-0.786209106,0,0,0,0,0,0,0,0,0,0,0,0,0,0,1,0
0.076675482,0.601013064,-0.785522521,0,0,0,0,0,0,0,0,0,0,0,0,0,0,1,0
0.073669486,0.615493715,-0.783554077,0,0,0,0,0,0,0,0,0,0,0,0,0,0,1,0
0.076538146,0.628189027,-0.776214659,0,0,0,0,0,0,0,0,0,0,0,0,0,0,1,0
0.081329398,0.574188113,-0.778289795,0,0,0,0,0,0,0,0,0,0,0,0,0,0,1,0
0.07437139,0.614700258,-0.779251099,0,0,0,0,0,0,0,0,0,0,0,0,0,0,1,0
0.074112006,0.615966678,-0.780593932,0,0,0,0,0,0,0,0,0,0,0,0,0,0,1,0
0.075241134,0.617141604,-0.780136168,0,0,0,0,0,0,0,0,0,0,0,0,0,0,1,0
0.075561576,0.615844667,-0.778152525,0,0,0,0,0,0,0,0,0,0,0,0,0,0,1,0
0.077301092,0.615066469,-0.776733458,0,0,0,0,0,0,0,0,0,0,0,0,0,0,1,0
0.075027533,0.621780336,-0.775939941,0,0,0,0,0,0,0,0,0,0,0,0,0,0,1,0
0.077072188,0.622344851,-0.776107788,0,0,0,0,0,0,0,0,0,0,0,0,0,0,1,0
0.075317428,0.62147516,-0.778289855,0,0,0,0,0,0,0,0,0,0,0,0,0,0,1,0
0.074935958,0.616500795,-0.778778136,0,0,0,0,0,0,0,0,0,0,0,0,0,0,1,0
0.07756047,0.619216859,-0.777023375,0,0,0,0,0,0,0,0,0,0,0,0,0,0,1,0
0.076187171,0.615539432,-0.77571106,0,0,0,0,0,0,0,0,0,0,0,0,0,0,1,0
0.077133231,0.62664789,-0.773819029,0,0,0,0,0,0,0,0,0,0,0,0,0,0,1,0
0.0758515,0.619628787,-0.776184142,0,0,0,0,0,0,0,0,0,0,0,0,0,0,1,0
0.078231864,0.628402591,-0.773956418,0,0,0,0,0,0,0,0,0,0,0,0,0,0,1,0
0.07241825,0.619659305,-0.775848389,0,0,0,0,0,0,0,0,0,0,0,0,0,0,1,0
0.079025313,0.620208621,-0.77444464,0,0,0,0,0,0,0,0,0,0,0,0,0,0,1,0
0.078491263,0.623641849,-0.774856627,0,0,0,0,0,0,0,0,0,0,0,0,0,0,1,0
0.078765914,0.628066897,-0.772689819,0,0,0,0,0,0,0,0,0,0,0,0,0,0,1,0
0.076690741,0.618789554,-0.776565611,0,0,0,0,0,0,0,0,0,0,0,0,0,0,1,0
0.084716849,0.610839725,-0.777206481,0,0,0,0,0,0,0,0,0,0,0,0,0,0,1,0
0.077514708,0.62022388,-0.77670294,0,0,0,0,0,0,0,0,0,0,0,0,0,0,1,0
0.08038336,0.626586795,-0.775985718,0,0,0,0,0,0,0,0,0,0,0,0,0,0,1,0
0.077377379,0.622680545,-0.775375366,0,0,0,0,0,0,0,0,0,0,0,0,0,0,1,0
0.080169737,0.625701785,-0.774658203,0,0,0,0,0,0,0,0,0,0,0,0,0,0,1,0
0.079025321,0.619125307,-0.776184142,0,0,0,0,0,0,0,0,0,0,0,0,0,0,1,0
0.07739263,0.623397708,-0.775604248,0,0,0,0,0,0,0,0,0,0,0,0,0,0,1,0
0.082901038,0.625198305,-0.775360167,0,0,0,0,0,0,0,0,0,0,0,0,0,0,1,0
0.076080367,0.618728518,-0.776092589,0,0,0,0,0,0,0,0,0,0,0,0,0,0,1,0
0.082702681,0.622619569,-0.775848448,0,0,0,0,0,0,0,0,0,0,0,0,0,0,1,0
0.082229659,0.62034595,-0.775009155,0,0,0,0,0,0,0,0,0,0,0,0,0,0,1,0
0.08256536,0.624572694,-0.772735655,0,0,0,0,0,0,0,0,0,0,0,0,0,0,1,0
0.080871634,0.627700686,-0.773269713,0,0,0,0,0,0,0,0,0,0,0,0,0,0,1,0
0.083618216,0.618286014,-0.775146544,0,0,0,0,0,0,0,0,0,0,0,0,0,0,1,0
0.083465606,0.62147516,-0.775390625,0,0,0,0,0,0,0,0,0,0,0,0,0,0,1,0
0.079727218,0.624481022,-0.773147583,0,0,0,0,0,0,0,0,0,0,0,0,0,0,1,0
0.079299971,0.629196107,-0.772460997,0,0,0,0,0,0,0,0,0,0,0,0,0,0,1,0
0.083999693,0.624786258,-0.774871826,0,0,0,0,0,0,0,0,0,0,0,0,0,0,1,0
0.083023123,0.621032536,-0.773712158,0,0,0,0,0,0,0,0,0,0,0,0,0,0,1,0
0.084014937,0.622878909,-0.774093688,0,0,0,0,0,0,0,0,0,0,0,0,0,0,0,1
0.08448796,0.623077273,-0.774871886,0,0,0,0,0,0,0,0,0,0,0,0,0,0,0,1
0.081848197,0.61895746,-0.774368346,0,0,0,0,0,0,0,0,0,0,0,0,0,0,0,1
0.08357244,0.626418948,-0.771453917,0,0,0,0,0,0,0,0,0,0,0,0,0,0,0,1
0.080368102,0.625778079,-0.772491455,0,0,0,0,0,0,0,0,0,0,0,0,0,0,0,1
0.079986617,0.632400453,-0.773284972,0,0,0,0,0,0,0,0,0,0,0,0,0,0,0,1
0.084137,0.623260379,-0.77418524,0,0,0,0,0,0,0,0,0,0,0,0,0,0,0,1
0.084915228,0.622299075,-0.775314391,0,0,0,0,0,0,0,0,0,0,0,0,0,0,0,1
0.082229666,0.60762012,-0.779129088,0,0,0,0,0,0,0,0,0,0,0,0,0,0,0,1
0.086868338,0.618987978,-0.777816772,0,0,0,0,0,0,0,0,0,0,0,0,0,0,0,1
0.081604071,0.620315492,-0.781448424,0,0,0,0,0,0,0,0,0,0,0,0,0,0,0,1
0.084121741,0.620788455,-0.784637451,0,0,0,0,0,0,0,0,0,0,0,0,0,0,0,1
0.079376265,0.582229495,-0.801940918,0,0,0,0,0,0,0,0,0,0,0,0,0,0,0,1
0.065734915,0.517425418,-0.82989502,0,0,0,0,0,0,0,0,0,0,0,0,0,0,0,1
0.073364317,0.561279356,-0.833450258,0,0,0,0,0,0,0,0,0,0,0,0,0,0,0,1
0.00724797,0.392928988,-0.757492125,0,0,0,0,0,0,0,0,0,0,0,0,0,0,0,1
0.107528724,0.30293265,-0.923828125,0,0,0,0,0,0,0,0,0,0,0,0,0,0,0,1
0.115051299,0.396240115,-0.880310059,0,0,0,0,0,0,0,0,0,0,0,0,0,0,0,1
0.044082649,0.535690188,-0.912567139,0,0,0,0,0,0,0,0,0,0,0,0,0,0,0,1
0.074340805,0.576583743,-0.852966309,0,0,0,0,0,0,0,0,0,0,0,0,0,0,0,1
0.095367424,0.487563968,-0.947692871,0,0,0,0,0,0,0,0,0,0,0,0,0,0,0,1
0.024200417,0.142227069,-1.006851196,0,0,0,0,0,0,0,0,0,0,0,0,0,0,0,1
0.020797692,0.08314506,-0.951644897,0,0,0,0,0,0,0,0,0,0,0,0,0,0,0,1
-0.020797767,-0.019561835,-0.937057495,0,0,0,0,0,0,0,0,0,0,0,0,0,0,0,1
-0.049606368,-0.062988352,-1.026687622,0,0,0,0,0,0,0,0,0,0,0,0,0,0,0,1
0.071426354,-0.039764475,-0.966537476,0,0,0,0,0,0,0,0,0,0,0,0,0,0,0,1
0.133056603,-0.051452704,-1.018035829,0,0,0,0,0,0,0,0,0,0,0,0,0,0,0,1
0.116668656,-0.09310919,-0.996231019,0,0,0,0,0,0,0,0,0,0,0,0,0,0,0,1
0.087936364,-0.074295111,-0.99911499,0,0,0,0,0,0,0,0,0,0,0,0,0,0,0,1
0.077804528,-0.07771308,-0.998855591,0,0,0,0,0,0,0,0,0,0,0,0,0,0,0,1
0.069076501,-0.096756056,-0.98890686,0,0,0,0,0,0,0,0,0,0,0,0,0,0,0,1
0.061508141,-0.101165831,-0.988525331,0,0,0,0,0,0,0,0,0,0,0,0,0,0,0,1
0.055877648,-0.079299994,-0.9972229,0,0,0,0,0,0,0,0,0,0,0,0,0,0,0,1
0.047790494,-0.088455267,-0.998016357,0,0,0,0,0,0,0,0,0,0,0,0,0,0,0,1
0.077011071,-0.029525824,-1.025665224,0,0,0,0,0,0,0,0,0,0,0,0,0,0,0,1
0.071166955,-0.063049376,-0.982559204,0,0,0,0,0,0,0,0,0,0,0,0,0,0,0,1
0.042678796,-0.097717352,-0.980148315,0,0,0,0,0,0,0,0,0,0,0,0,0,0,0,1
0.053558312,-0.075592108,-0.989456177,0,0,0,0,0,0,0,0,0,0,0,0,0,0,0,1
0.067916833,-0.074401923,-0.985214233,0,0,0,0,0,0,0,0,0,0,0,0,0,0,0,1
0.061721765,-0.101989813,-0.98576355,0,0,0,0,0,0,0,0,0,0,0,0,0,0,0,1
0.056930508,-0.090133734,-0.992797852,0,0,0,0,0,0,0,0,0,0,0,0,0,0,1,0
0.060104329,-0.093811095,-0.987564027,0,0,0,0,0,0,0,0,0,0,0,0,0,0,1,0
0.059661828,-0.090454161,-0.985839784,0,0,0,0,0,0,0,0,0,0,0,0,0,0,1,0
0.054351766,-0.089065611,-0.984970033,0,0,0,0,0,0,0,0,0,0,0,0,0,0,1,0
0.047103845,-0.08360298,-0.98600769,0,0,0,0,0,0,0,0,0,0,0,0,0,0,1,0
0.063247636,-0.074005194,-0.983352602,0,0,0,0,0,0,0,0,0,0,0,0,0,0,1,0
0.053161584,-0.075973578,-0.994659424,0,0,0,0,0,0,0,0,0,0,0,0,0,0,1,0
0.049697839,-0.068222113,-0.995986938,0,0,0,0,0,0,0,0,0,0,0,0,0,0,1,0
0.047164876,-0.067352355,-0.990493715,0,0,0,0,0,0,0,0,0,0,0,0,0,0,1,0
0.049972497,-0.080017157,-0.993865967,0,0,0,0,0,0,0,0,0,0,0,0,0,0,1,0
0.042877164,-0.05540473,-0.993118286,0,0,0,0,0,0,0,0,0,0,0,0,0,0,1,0
0.050659142,-0.054946966,-0.985870361,0,0,0,0,0,0,0,0,0,0,0,0,0,0,1,0
0.048736539,-0.075836249,-0.988647461,0,0,0,0,0,0,0,0,0,0,0,0,0,0,1,0
0.05111691,-0.070571974,-0.990875244,0,0,0,0,0,0,0,0,0,0,0,0,0,0,1,0
0.041412316,-0.071060255,-0.99508667,0,0,0,0,0,0,0,0,0,0,0,0,0,0,1,0
0.039932217,-0.033569403,-0.993682861,0,0,0,0,0,0,0,0,0,0,0,0,0,0,1,0
0.047515832,-0.06738288,-0.992172241,0,0,0,0,0,0,0,0,0,0,0,0,0,0,1,0
0.042480431,-0.047027662,-0.998428345,0,0,0,0,0,0,0,0,0,0,0,0,0,0,1,0
0.047607385,-0.064910963,-0.989990234,0,0,0,0,0,0,0,0,0,0,0,0,0,0,1,0
0.040634122,-0.08158882,-0.988632202,0,0,0,0,0,0,0,0,0,0,0,0,0,0,1,0
-0.038238566,-0.070495665,-1.001861513,0,0,0,0,0,0,0,0,0,0,0,0,0,0,1,0
0.046386681,-0.065719672,-0.991882324,0,0,0,0,0,0,0,0,0,0,0,0,0,0,1,0
0.042831384,-0.057357863,-1.001022339,0,0,0,0,0,0,0,0,0,0,0,0,0,0,1,0
0.038024865,-0.04762274,-0.991165161,0,0,0,0,0,0,0,0,0,0,0,0,0,0,1,0
0.046020474,-0.064941473,-0.995498657,0,0,0,0,0,0,0,0,0,0,0,0,0,0,1,0
0.045379605,-0.075592116,-0.989990175,0,0,0,0,0,0,0,0,0,0,0,0,0,0,1,0
0.044128384,-0.071121283,-0.992706299,0,0,0,0,0,0,0,0,0,0,0,0,0,0,1,0
0.077468835,-0.072052069,-0.959350586,0,0,0,0,0,0,0,0,0,0,0,0,0,0,1,0
0.045852624,-0.07283026,-0.99937433,0,0,0,0,0,0,0,0,0,0,0,0,0,0,1,0
0.042419396,-0.07502754,-0.973007202,0,0,0,0,0,0,0,0,0,0,0,0,0,0,1,0
0.047485314,-0.050247259,-1.011566162,0,0,0,0,0,0,0,0,0,0,0,0,0,0,1,0
0.043365445,-0.061920237,-0.990615845,0,0,0,0,0,0,0,0,0,0,0,0,0,0,1,0
0.048156701,-0.057174753,-0.988815248,0,0,0,0,0,0,0,0,0,0,0,0,0,0,1,0
