-0.022506714,0.328125,-0.948440552,0,0,0,0,0,0,0,0,0,0,0,0,0,0,1,0
-0.021591187,0.334197998,-0.948440552,0,0,0,0,0,0,0,0,0,0,0,0,0,0,1,0
-0.027496338,0.332473755,-0.948532104,0,0,0,0,0,0,0,0,0,0,0,0,0,0,1,0
-0.014770508,0.328109741,-0.950561523,0,0,0,0,0,0,0,0,0,0,0,0,0,0,1,0
-0.026428223,0.321472168,-0.944366455,0,0,0,0,0,0,0,0,0,0,0,0,0,0,1,0
-0.021636963,0.316421509,-0.948623657,0,0,0,0,0,0,0,0,0,0,0,0,0,0,1,0
-0.015853882,0.328094482,-0.955123901,0,0,0,0,0,0,0,0,0,0,0,0,0,0,1,0
-0.023208618,0.319778442,-0.951293945,0,0,0,0,0,0,0,0,0,0,0,0,0,0,1,0
-0.014190674,0.313156128,-0.947540283,0,0,0,0,0,0,0,0,0,0,0,0,0,0,1,0
-0.027877808,0.309936523,-0.948455811,0,0,0,0,0,0,0,0,0,0,0,0,0,0,1,0
-0.025604248,0.312210083,-0.948120117,0,0,0,0,0,0,0,0,0,0,0,0,0,0,1,0
-0.0181427,0.321334839,-0.956466675,0,0,0,0,0,0,0,0,0,0,0,0,0,0,1,0
-0.025039673,0.301223755,-0.949829102,0,0,0,0,0,0,0,0,0,0,0,0,0,0,1,0
-0.006072998,0.333786011,-0.954071045,0,0,0,0,0,0,0,0,0,0,0,0,0,0,1,0
-0.013320923,0.326721191,-0.945922852,0,0,0,0,0,0,0,0,0,0,0,0,0,0,1,0
-0.010879517,0.337417603,-0.946304321,0,0,0,0,0,0,0,0,0,0,0,0,0,0,1,0
-0.023300171,0.336547852,-0.940124512,0,0,0,0,0,0,0,0,0,0,0,0,0,0,1,0
-0.005554199,0.343383789,-0.947952271,0,0,0,0,0,0,0,0,0,0,0,0,0,0,1,0
-0.022628784,0.32383728,-0.947937012,0,0,0,0,0,0,0,0,0,0,0,0,0,0,1,0
-0.01600647,0.342941284,-0.947616577,0,0,0,0,0,0,0,0,0,0,0,0,0,0,1,0
-0.013748169,0.319854736,-0.947296143,0,0,0,0,0,0,0,0,0,0,0,0,0,0,1,0
-0.006500244,0.322235107,-0.952545166,0,0,0,0,0,0,0,0,0,0,0,0,0,0,1,0
-0.008407593,0.334197998,-0.951477051,0,0,0,0,0,0,0,0,0,0,0,0,0,0,1,0
-0.006149292,0.328887939,-0.943649292,0,0,0,0,0,0,0,0,0,0,0,0,0,0,1,0
-0.010375977,0.332992554,-0.94519043,0,0,0,0,0,0,0,0,0,0,0,0,0,0,1,0
-0.004074097,0.352127075,-0.943496704,0,0,0,0,0,0,0,0,0,0,0,0,0,0,1,0
-0.00831604,0.340026855,-0.939254761,0,0,0,0,0,0,0,0,0,0,0,0,0,0,1,0
0.000274658,0.356948853,-0.937591553,0,0,0,0,0,0,0,0,0,0,0,0,0,0,1,0
0.007598877,0.342254639,-0.941116333,0,0,0,0,0,0,0,0,0,0,0,0,0,0,1,0
0.000717163,0.337524414,-0.943145752,0,0,0,0,0,0,0,0,0,0,0,0,0,0,1,0
-0.00390625,0.342453003,-0.942382813,0,0,0,0,0,0,0,0,0,0,0,0,0,0,1,0
-0.005142212,0.340988159,-0.94078064,0,0,0,0,0,0,0,0,0,0,0,0,0,0,1,0
0.004806519,0.346511841,-0.941726685,0,0,0,0,0,0,0,0,0,0,0,0,0,0,1,0
0.004730225,0.341400146,-0.942581177,0,0,0,0,0,0,0,0,0,0,0,0,0,0,1,0
0.003448486,0.339538574,-0.941055298,0,0,0,0,0,0,0,0,0,0,0,0,0,0,1,0
0.004470825,0.358062744,-0.941253662,0,0,0,0,0,0,0,0,0,0,0,0,0,0,1,0
0.001174927,0.353591919,-0.938949585,0,0,0,0,0,0,0,0,0,0,0,0,0,0,1,0
0.00881958,0.362380981,-0.939758301,0,0,0,0,0,0,0,0,0,0,0,0,0,0,1,0
0.003616333,0.356170654,-0.936935425,0,0,0,0,0,0,0,0,0,0,0,0,0,0,1,0
0.007171631,0.357009888,-0.937194824,0,0,0,0,0,0,0,0,0,0,0,0,0,0,1,0
0.009811401,0.352584839,-0.93888855,0,0,0,0,0,0,0,0,0,0,0,0,0,0,1,0
0.014297485,0.362579346,-0.941513062,0,0,0,0,0,0,0,0,0,0,0,0,0,0,1,0
0.008590698,0.355072021,-0.937683105,0,0,0,0,0,0,0,0,0,0,0,0,0,0,1,0
0.006072998,0.361297607,-0.936706543,0,0,0,0,0,0,0,0,0,0,0,0,0,0,1,0
0.005325317,0.356826782,-0.936294556,0,0,0,0,0,0,0,0,0,0,0,0,0,0,1,0
0.005355835,0.362182617,-0.934661865,0,0,0,0,0,0,0,0,0,0,0,0,0,0,1,0
0.00227356,0.357727051,-0.936218262,0,0,0,0,0,0,0,0,0,0,0,0,0,0,1,0
0.005599976,0.354980469,-0.93699646,0,0,0,0,0,0,0,0,0,0,0,0,0,0,1,0
0.006484985,0.368759155,-0.936187744,0,0,0,0,0,0,0,0,0,0,0,0,0,0,1,0
-0.003814697,0.362487793,-0.933654785,0,0,0,0,0,0,0,0,0,0,0,0,0,0,1,0
0.002807617,0.372024536,-0.936264038,0,0,0,0,0,0,0,0,0,0,0,0,0,0,1,0
-0.001907349,0.364593506,-0.932632446,0,0,0,0,0,0,0,0,0,0,0,0,0,0,1,0
0.000106812,0.361175537,-0.936233521,0,0,0,0,0,0,0,0,0,0,0,0,0,0,1,0
-0.000869751,0.37008667,-0.934234619,0,0,0,0,1,0,0,0,0,0,0,0,0,0,0,0
3.05E-05,0.36579895,-0.93522644,0,0,0,0,1,0,0,0,0,0,0,0,0,0,0,0
-0.00994873,0.369415283,-0.934875488,0,0,0,0,1,0,0,0,0,0,0,0,0,0,0,0
-0.001571655,0.359786987,-0.933654785,0,0,0,0,1,0,0,0,0,0,0,0,0,0,0,0
-0.006973267,0.369216919,-0.932678223,0,0,0,0,1,0,0,0,0,0,0,0,0,0,0,0
-0.006088257,0.366378784,-0.934204102,0,0,0,0,1,0,0,0,0,0,0,0,0,0,0,0
-0.00793457,0.361724854,-0.934417725,0,0,0,0,1,0,0,0,0,0,0,0,0,0,0,0
-0.016921997,0.377380371,-0.938186646,0,0,0,0,1,0,0,0,0,0,0,0,0,0,0,0
-0.008361816,0.357208252,-0.940185547,0,0,0,0,1,0,0,0,0,0,0,0,0,0,0,0
-0.012832642,0.385559082,-0.940597534,0,0,0,0,1,0,0,0,0,0,0,0,0,0,0,0
-0.002212524,0.361038208,-0.948028564,0,0,0,0,1,0,0,0,0,0,0,0,0,0,0,0
-0.012893677,0.363861084,-0.943405151,0,0,0,0,1,0,0,0,0,0,0,0,0,0,0,0
-0.040756226,0.369567871,-0.939666748,0,0,0,0,1,0,0,0,0,0,0,0,0,0,0,0
-0.036392212,0.331176758,-0.955108643,0,0,0,0,1,0,0,0,0,0,0,0,0,0,0,0
-0.106063843,0.362915039,-0.939468384,0,0,0,0,1,0,0,0,0,0,0,0,0,0,0,0
-0.147537231,0.370407104,-0.919265747,0,0,0,0,1,0,0,0,0,0,0,0,0,0,0,0
-0.310317993,0.366287231,-0.838256836,0,0,0,0,1,0,0,0,0,0,0,0,0,0,0,0
-0.350723267,0.280456543,-0.862442017,0,0,0,0,1,0,0,0,0,0,0,0,0,0,0,0
-0.462524414,0.373504639,-0.814926147,0,0,0,0,1,0,0,0,0,0,0,0,0,0,0,0
-0.514907837,0.334060669,-0.790817261,0,0,0,0,1,0,0,0,0,0,0,0,0,0,0,0
-0.558441162,0.304672241,-0.791656494,0,0,0,0,1,0,0,0,0,0,0,0,0,0,0,0
-0.595016479,0.152862549,-0.73399353,0,0,0,0,1,0,0,0,0,0,0,0,0,0,0,0
-0.699401855,0.139221191,-0.726257324,0,0,0,0,1,0,0,0,0,0,0,0,0,0,0,0
-0.683837891,0.055114746,-0.645355225,0,0,0,0,1,0,0,0,0,0,0,0,0,0,0,0
-0.729919434,-0.000610352,-0.648849487,0,0,0,0,1,0,0,0,0,0,0,0,0,0,0,0
-0.731033325,-0.038208008,-0.631072998,0,0,0,0,1,0,0,0,0,0,0,0,0,0,0,0
-0.690734863,-0.14616394,-0.625427246,0,0,0,0,1,0,0,0,0,0,0,0,0,0,0,0
-0.801971436,-0.247970581,-0.62399292,0,0,0,0,1,0,0,0,0,0,0,0,0,0,0,0
-0.767120361,-0.214813232,-0.606109619,0,0,0,0,1,0,0,0,0,0,0,0,0,0,0,0
-0.747711182,-0.226119995,-0.590591431,0,0,0,0,1,0,0,0,0,0,0,0,0,0,0,0
-0.715881348,-0.233718872,-0.577667236,0,0,0,0,1,0,0,0,0,0,0,0,0,0,0,0
-0.702789307,-0.404907227,-0.595489502,0,0,0,0,1,0,0,0,0,0,0,0,0,0,0,0
-0.760025024,-0.380081177,-0.554962158,0,0,0,0,1,0,0,0,0,0,0,0,0,0,0,0
-0.723068237,-0.314804077,-0.570220947,0,0,0,0,1,0,0,0,0,0,0,0,0,0,0,0
-0.713729858,-0.396835327,-0.554046631,0,0,0,0,1,0,0,0,0,0,0,0,0,0,0,0
-0.694442749,-0.364578247,-0.586074829,0,0,0,0,1,0,0,0,0,0,0,0,0,0,0,0
-0.733856201,-0.38104248,-0.573455811,0,0,0,0,1,0,0,0,0,0,0,0,0,0,0,0
-0.720779419,-0.361129761,-0.588806152,0,0,0,0,1,0,0,0,0,0,0,0,0,0,0,0
-0.705474854,-0.395217896,-0.564544678,0,0,0,0,1,0,0,0,0,0,0,0,0,0,0,0
-0.72428894,-0.36378479,-0.571472168,0,0,0,0,1,0,0,0,0,0,0,0,0,0,0,0
-0.698638916,-0.379440308,-0.580413818,0,0,0,0,1,0,0,0,0,0,0,0,0,0,0,0
-0.705291748,-0.391769409,-0.601119995,0,0,0,0,1,0,0,0,0,0,0,0,0,0,0,0
-0.710769653,-0.379623413,-0.576446533,0,0,0,0,1,0,0,0,0,0,0,0,0,0,0,0
-0.684997559,-0.377532959,-0.595901489,0,0,0,0,1,0,0,0,0,0,0,0,0,0,0,0
-0.697555542,-0.383850098,-0.579391479,0,0,0,0,1,0,0,0,0,0,0,0,0,0,0,0
-0.729904175,-0.409561157,-0.586807251,0,0,0,0,1,0,0,0,0,0,0,0,0,0,0,0
-0.713043213,-0.375762939,-0.594512939,0,0,0,0,1,0,0,0,0,0,0,0,0,0,0,0
-0.713165283,-0.39024353,-0.577957153,0,0,0,0,0,0,0,0,0,0,0,0,0,0,1,0
-0.716384888,-0.387283325,-0.594558716,0,0,0,0,0,0,0,0,0,0,0,0,0,0,1,0
-0.711380005,-0.366607666,-0.548065186,0,0,0,0,0,0,0,0,0,0,0,0,0,0,1,0
-0.707702637,-0.405715942,-0.564239502,0,0,0,0,0,0,0,0,0,0,0,0,0,0,1,0
-0.693878174,-0.414230347,-0.571655273,0,0,0,0,0,0,0,0,0,0,0,0,0,0,1,0
-0.672943115,-0.385269165,-0.565002441,0,0,0,0,0,0,0,0,0,0,0,0,0,0,1,0
-0.719512939,-0.418670654,-0.575790405,0,0,0,0,0,0,0,0,0,0,0,0,0,0,1,0
-0.717193604,-0.396530151,-0.560943604,0,0,0,0,0,0,0,0,0,0,0,0,0,0,1,0
-0.719726563,-0.420547485,-0.566726685,0,0,0,0,0,0,0,0,0,0,0,0,0,0,1,0
-0.707489014,-0.419692993,-0.588088989,0,0,0,0,0,0,0,0,0,0,0,0,0,0,1,0
-0.708816528,-0.395721436,-0.575866699,0,0,0,0,0,0,0,0,0,0,0,0,0,0,1,0
-0.716659546,-0.405136108,-0.577011108,0,0,0,0,0,0,0,0,0,0,0,0,0,0,1,0
-0.697418213,-0.423431396,-0.561325073,0,0,0,0,0,0,0,0,0,0,0,0,0,0,1,0
-0.700714111,-0.401092529,-0.573852539,0,0,0,0,0,0,0,0,0,0,0,0,0,0,1,0
-0.715667725,-0.391174316,-0.572998047,0,0,0,0,0,0,0,0,0,0,0,0,0,0,1,0
-0.706390381,-0.413879395,-0.550140381,0,0,0,0,0,0,0,0,0,0,0,0,0,0,1,0
-0.704940796,-0.401397705,-0.573577881,0,0,0,0,0,0,0,0,0,0,0,0,0,0,1,0
-0.691970825,-0.410568237,-0.569732666,0,0,0,0,0,0,0,0,0,0,0,0,0,0,1,0
-0.714263916,-0.376327515,-0.604202271,0,0,0,0,0,0,0,0,0,0,0,0,0,0,1,0
-0.694274902,-0.39781189,-0.570846558,0,0,0,0,0,0,0,0,0,0,0,0,0,0,1,0
-0.706039429,-0.396743774,-0.592132568,0,0,0,0,0,0,0,0,0,0,0,0,0,0,1,0
-0.699462891,-0.426376343,-0.590911865,0,0,0,0,0,0,0,0,0,0,0,0,0,0,1,0
-0.720840454,-0.439727783,-0.578292847,0,0,0,0,0,0,0,0,0,0,0,0,0,0,1,0
-0.717178345,-0.398773193,-0.586410522,0,0,0,0,0,0,0,0,0,0,0,0,0,0,1,0
-0.687164307,-0.404067993,-0.579223633,0,0,0,0,0,0,0,0,0,0,0,0,0,0,1,0
-0.699462891,-0.413665771,-0.574234009,0,0,0,0,0,0,0,0,0,0,0,0,0,0,1,0
-0.693572998,-0.397949219,-0.581680298,0,0,0,0,0,0,0,0,0,0,0,0,0,0,1,0
-0.707901001,-0.40397644,-0.593994141,0,0,0,0,0,0,0,0,0,0,0,0,0,0,1,0
-0.697982788,-0.426513672,-0.582992554,0,0,0,0,0,0,0,0,0,0,0,0,0,0,1,0
-0.702148438,-0.39453125,-0.585617065,0,0,0,0,0,0,0,0,0,0,0,0,0,0,1,0
-0.703521729,-0.440383911,-0.57951355,0,0,0,0,0,0,0,0,0,0,0,0,0,0,1,0
-0.683944702,-0.390060425,-0.596588135,0,0,0,0,0,0,0,0,0,0,0,0,0,0,1,0
-0.705825806,-0.396438599,-0.586593628,0,0,0,0,0,0,0,0,0,0,0,0,0,0,1,0
-0.687805176,-0.414215088,-0.589859009,0,0,0,0,0,0,0,0,0,0,0,0,0,0,1,0
-0.68951416,-0.394989014,-0.611221313,0,0,0,0,0,0,0,0,0,0,0,0,0,0,1,0
-0.700317383,-0.388977051,-0.585830688,0,0,0,0,0,0,0,0,0,0,0,0,0,0,1,0
-0.700439453,-0.407165527,-0.58656311,0,0,0,0,0,0,0,0,0,0,0,0,0,0,1,0
-0.70135498,-0.382843018,-0.605636597,0,0,0,0,0,0,0,0,0,0,0,0,0,0,1,0
-0.69317627,-0.373916626,-0.582458496,0,0,0,0,0,0,0,0,0,0,0,0,0,0,1,0
-0.69039917,-0.414825439,-0.581695557,0,0,0,0,0,0,0,0,0,0,0,0,0,0,1,0
-0.706085205,-0.361129761,-0.607025146,0,0,0,0,0,0,0,0,0,0,0,0,0,0,1,0
-0.706344604,-0.384231567,-0.575622559,0,0,0,0,0,0,0,0,0,0,0,0,0,0,1,0
-0.698532104,-0.41053772,-0.61289978,0,0,0,0,0,0,0,0,0,0,0,0,0,0,1,0
-0.685668945,-0.413345337,-0.604400635,0,0,0,0,0,0,0,0,0,0,0,0,0,0,1,0
-0.683395386,-0.396774292,-0.601165771,0,0,0,0,0,0,0,0,0,0,0,0,0,0,1,0
-0.681869507,-0.413711548,-0.587249756,0,0,0,0,0,0,0,0,0,0,0,0,0,0,1,0
-0.709197998,-0.409744263,-0.605453491,0,0,0,0,0,0,0,0,0,0,0,0,0,0,1,0
-0.692565918,-0.37727356,-0.593414307,0,0,0,0,0,0,0,0,0,0,0,0,0,0,1,0
-0.700027466,-0.407806396,-0.59147644,0,0,0,0,0,0,0,0,0,0,0,0,0,0,1,0
-0.692977905,-0.388916016,-0.603927612,0,0,0,0,0,0,0,0,0,0,0,0,0,0,1,0
-0.666824341,-0.388458252,-0.594329834,0,0,0,0,0,0,0,0,0,0,0,0,0,0,1,0
-0.684631348,-0.405975342,-0.606201172,0,0,0,0,0,0,0,0,0,0,0,0,0,0,1,0
-0.691802979,-0.379425049,-0.60055542,0,0,0,0,0,0,0,0,0,0,0,0,0,0,1,0
-0.688446045,-0.350463867,-0.61656189,0,0,0,0,0,0,0,0,0,0,0,0,0,0,1,0
-0.691543579,-0.384368896,-0.604934692,0,0,0,0,0,0,0,0,0,0,0,0,0,0,1,0
-0.69821167,-0.416748047,-0.578689575,0,0,0,0,0,0,0,0,0,0,0,0,0,0,1,0
-0.679443359,-0.426101685,-0.603729248,0,0,0,0,0,0,0,0,0,0,0,0,0,0,1,0
-0.676620483,-0.399230957,-0.61907959,0,0,0,0,0,0,0,0,0,0,0,0,0,0,1,0
-0.683883667,-0.380905151,-0.601531982,0,0,0,0,0,0,0,0,0,0,0,0,0,0,1,0
-0.686416626,-0.421005249,-0.583938599,0,0,0,0,0,0,0,0,0,0,0,0,0,0,1,0
-0.680969238,-0.430404663,-0.584228516,0,0,0,0,0,0,0,0,0,0,0,0,0,0,1,0
-0.678283691,-0.413528442,-0.598876953,0,0,0,0,0,0,0,0,0,0,0,0,0,0,1,0
-0.684463501,-0.405334473,-0.61000061,0,0,0,0,0,0,0,0,0,0,0,0,0,0,1,0
-0.678375244,-0.399154663,-0.594467163,0,0,0,0,0,0,0,0,0,0,0,0,0,0,1,0
-0.68447876,-0.403335571,-0.581558228,0,0,0,0,0,0,0,0,0,0,0,0,0,0,1,0
-0.694747925,-0.438156128,-0.586334229,0,0,0,0,0,0,0,0,0,0,0,0,0,0,1,0
-0.693328857,-0.422180176,-0.584915161,0,0,0,0,0,0,0,0,0,0,0,0,0,0,1,0
-0.689575195,-0.386505127,-0.596420288,0,0,0,0,0,0,0,0,0,0,0,0,0,0,1,0
-0.683761597,-0.394378662,-0.573028564,0,0,0,0,0,0,0,0,0,0,0,0,0,0,1,0
-0.685638428,-0.410644531,-0.596878052,0,0,0,0,0,0,0,0,0,0,0,0,0,0,1,0
-0.672195435,-0.378952026,-0.597885132,0,0,0,0,0,0,0,0,0,0,0,0,0,0,1,0
-0.689086914,-0.4246521,-0.582626343,0,0,0,0,0,0,0,0,0,0,0,0,0,0,1,0
-0.700042725,-0.390716553,-0.60446167,0,0,0,0,0,0,0,0,0,0,0,0,0,0,1,0
-0.686096191,-0.40965271,-0.587631226,0,0,0,0,0,0,0,0,0,0,0,0,0,0,1,0
-0.702484131,-0.420227051,-0.598983765,0,0,0,0,0,0,0,0,0,0,0,0,0,0,1,0
-0.692504883,-0.410766602,-0.58404541,0,0,0,0,0,0,0,0,0,0,0,0,0,0,1,0
-0.684997559,-0.425140381,-0.580368042,0,0,0,0,0,0,0,0,0,0,0,0,0,0,1,0
-0.691894531,-0.388198853,-0.590255737,0,0,0,0,0,0,0,0,0,0,0,0,0,0,1,0
-0.690628052,-0.388473511,-0.580703735,0,0,0,0,0,0,0,0,0,0,0,0,0,0,1,0
-0.684509277,-0.382019043,-0.583328247,0,0,0,0,0,0,0,0,0,0,0,0,0,0,1,0
-0.685379028,-0.399642944,-0.590759277,0,0,0,0,0,0,0,0,0,0,0,0,0,0,1,0
-0.703125,-0.392227173,-0.597229004,0,0,0,0,0,0,0,0,0,0,0,0,0,0,1,0
-0.692001343,-0.413894653,-0.571899414,0,0,0,0,0,0,0,0,0,0,0,0,0,0,1,0
-0.682479858,-0.409225464,-0.58706665,0,0,0,0,0,0,0,0,0,0,0,0,0,0,1,0
-0.689544678,-0.403762817,-0.575973511,0,0,0,0,0,0,0,0,0,0,0,0,0,0,1,0
-0.68196106,-0.38508606,-0.596496582,0,0,0,0,0,0,0,0,0,0,0,0,0,0,1,0
-0.685424805,-0.401168823,-0.57875061,0,0,0,0,0,0,0,0,0,0,0,0,0,0,1,0
-0.690582275,-0.408691406,-0.588943481,0,0,0,0,0,0,0,0,0,0,0,0,0,0,1,0
-0.693252563,-0.402984619,-0.576141357,0,0,0,0,0,0,0,0,0,0,0,0,0,0,1,0
-0.673278809,-0.382614136,-0.581359863,0,0,0,0,0,0,0,0,0,0,0,0,0,0,1,0
-0.679779053,-0.413391113,-0.581817627,0,0,0,0,0,0,0,0,0,0,0,0,0,0,1,0
-0.694015503,-0.424942017,-0.576843262,0,0,0,0,0,0,0,0,0,0,0,0,0,0,1,0
-0.697158813,-0.415924072,-0.585342407,0,0,0,0,0,0,0,0,0,0,0,0,0,0,1,0
-0.689483643,-0.414291382,-0.589416504,0,0,0,0,0,0,0,0,0,0,0,0,0,0,1,0
-0.690078735,-0.414367676,-0.587051392,0,0,0,0,0,0,0,0,0,0,0,0,0,0,1,0
-0.677978516,-0.432373047,-0.58821106,0,0,0,0,0,0,0,0,0,0,0,0,0,0,1,0
-0.675765991,-0.432022095,-0.598190308,0,0,0,0,0,0,0,0,0,0,0,0,0,0,1,0
-0.681411743,-0.403121948,-0.595108032,0,0,0,0,0,0,0,0,0,0,0,0,0,0,1,0
-0.703216553,-0.410186768,-0.587280273,0,0,0,0,0,0,0,0,0,0,0,0,0,0,1,0
-0.697006226,-0.395187378,-0.589294434,0,0,0,0,0,0,0,0,0,0,0,0,0,0,1,0
-0.697006226,-0.395187378,-0.589294434,0,0,0,0,0,0,0,0,0,0,0,0,0,0,1,0
-0.6925354,-0.414077759,-0.580993652,0,0,0,0,0,0,0,0,0,0,0,0,0,0,1,0
-0.692962646,-0.394607544,-0.606323242,0,0,0,0,0,0,0,0,0,0,0,0,0,0,1,0
-0.688217163,-0.410507202,-0.596923828,0,0,0,0,0,0,0,0,0,0,0,0,0,0,1,0
-0.686706543,-0.41104126,-0.597106934,0,0,0,0,0,0,0,0,0,0,0,0,0,0,1,0
-0.690093994,-0.425735474,-0.591140747,0,0,0,0,0,0,0,0,0,0,0,0,0,0,1,0
-0.687561035,-0.412979126,-0.590484619,0,0,0,0,0,0,0,0,0,0,0,0,0,0,1,0
-0.695724487,-0.414093018,-0.590377808,0,0,0,0,0,0,0,0,0,0,0,0,0,0,1,0
-0.708312988,-0.387588501,-0.603851318,0,0,0,0,0,0,0,0,0,0,0,0,0,0,1,0
-0.692886353,-0.399978638,-0.605728149,0,0,0,0,0,0,0,0,0,0,0,0,0,0,1,0
-0.690856934,-0.450881958,-0.583709717,0,0,0,0,0,0,0,0,0,0,0,0,0,0,1,0
-0.698745728,-0.416427612,-0.595977783,0,0,0,0,0,0,0,0,0,0,0,0,0,0,1,0
-0.686752319,-0.393829346,-0.585525513,0,0,0,0,0,0,0,0,0,0,0,0,0,0,1,0
-0.684448242,-0.416992188,-0.593429565,0,0,0,0,0,0,0,0,0,0,0,0,0,0,1,0
-0.675384521,-0.412826538,-0.597305298,0,0,0,0,0,0,0,0,0,0,0,0,0,0,1,0
-0.679748535,-0.41960144,-0.593887329,0,0,0,0,0,0,0,0,0,0,0,0,0,0,1,0
-0.683380127,-0.399749756,-0.591491699,0,0,0,0,0,0,0,0,0,0,0,0,0,0,1,0
-0.70111084,-0.428359985,-0.593521118,0,0,0,0,0,0,0,0,0,0,0,0,0,0,1,0
-0.695648193,-0.408615112,-0.593963623,0,0,0,0,0,0,0,0,0,0,0,0,0,0,1,0
-0.69152832,-0.422744751,-0.592697144,0,0,0,0,0,0,0,0,0,0,0,0,0,0,1,0
-0.691421509,-0.423233032,-0.606658936,0,0,0,0,0,0,0,0,0,0,0,0,0,0,1,0
-0.679718018,-0.41746521,-0.59715271,0,0,0,0,0,0,0,0,0,0,0,0,0,0,1,0
-0.69039917,-0.427841187,-0.57824707,0,0,0,0,0,0,0,0,0,0,0,0,0,0,1,0
-0.705734253,-0.394973755,-0.595504761,0,0,0,0,0,0,0,0,0,0,0,0,0,0,1,0
-0.673858643,-0.379562378,-0.597305298,0,0,0,0,0,0,0,0,0,0,0,0,0,0,1,0
-0.687667847,-0.413040161,-0.605911255,0,0,0,0,0,0,0,0,0,0,0,0,0,0,1,0
-0.681243896,-0.393234253,-0.59588623,0,0,0,0,0,0,0,0,0,0,0,0,0,0,1,0
-0.691177368,-0.432998657,-0.575592041,0,0,0,0,0,0,0,0,0,0,0,0,0,0,1,0
-0.698440552,-0.386993408,-0.605300903,0,0,0,0,0,0,0,0,0,0,0,0,0,0,1,0
-0.680618286,-0.392028809,-0.592178345,0,0,0,0,0,0,0,0,0,0,0,0,0,0,1,0
-0.690414429,-0.417892456,-0.618896484,0,0,0,0,0,0,0,0,0,0,0,0,0,0,1,0
-0.683029175,-0.412445068,-0.596343994,0,0,0,0,0,0,0,0,0,0,0,0,0,0,1,0
-0.688018799,-0.447494507,-0.582260132,0,0,0,0,0,0,0,0,0,0,0,0,0,0,1,0
-0.704330444,-0.42868042,-0.596725464,0,0,0,0,0,1,0,0,0,0,0,0,0,0,0,0
-0.677215576,-0.390518188,-0.60244751,0,0,0,0,0,1,0,0,0,0,0,0,0,0,0,0
-0.6822052,-0.399765015,-0.606231689,0,0,0,0,0,1,0,0,0,0,0,0,0,0,0,0
-0.680587769,-0.412384033,-0.577377319,0,0,0,0,0,1,0,0,0,0,0,0,0,0,0,0
-0.694000244,-0.408691406,-0.590438843,0,0,0,0,0,1,0,0,0,0,0,0,0,0,0,0
-0.698059082,-0.396881104,-0.603881836,0,0,0,0,0,1,0,0,0,0,0,0,0,0,0,0
-0.688934326,-0.443710327,-0.592453003,0,0,0,0,0,1,0,0,0,0,0,0,0,0,0,0
-0.690475464,-0.415740967,-0.603363037,0,0,0,0,0,1,0,0,0,0,0,0,0,0,0,0
-0.684997559,-0.413253784,-0.577377319,0,0,0,0,0,1,0,0,0,0,0,0,0,0,0,0
-0.707519531,-0.414093018,-0.595199585,0,0,0,0,0,1,0,0,0,0,0,0,0,0,0,0
-0.702560425,-0.36680603,-0.621795654,0,0,0,0,0,1,0,0,0,0,0,0,0,0,0,0
-0.696899414,-0.409759521,-0.580718994,0,0,0,0,0,1,0,0,0,0,0,0,0,0,0,0
-0.705154419,-0.384109497,-0.60307312,0,0,0,0,0,1,0,0,0,0,0,0,0,0,0,0
-0.699966431,-0.325805664,-0.617446899,0,0,0,0,0,1,0,0,0,0,0,0,0,0,0,0
-0.742034912,-0.331192017,-0.61366272,0,0,0,0,0,1,0,0,0,0,0,0,0,0,0,0
-0.716033936,-0.271255493,-0.648391724,0,0,0,0,0,1,0,0,0,0,0,0,0,0,0,0
-0.684997559,-0.214599609,-0.752151489,0,0,0,0,0,1,0,0,0,0,0,0,0,0,0,0
-0.640396118,-0.130493164,-0.758865356,0,0,0,0,0,1,0,0,0,0,0,0,0,0,0,0
-0.643341064,-0.114395142,-0.695404053,0,0,0,0,0,1,0,0,0,0,0,0,0,0,0,0
-0.615402222,-0.094772339,-0.730514526,0,0,0,0,0,1,0,0,0,0,0,0,0,0,0,0
-0.570266724,-0.086135864,-0.790374756,0,0,0,0,0,1,0,0,0,0,0,0,0,0,0,0
-0.517501831,-0.062286377,-0.862304688,0,0,0,0,0,1,0,0,0,0,0,0,0,0,0,0
-0.509780884,-0.000350952,-0.870437622,0,0,0,0,0,1,0,0,0,0,0,0,0,0,0,0
-0.359909058,0.0259552,-0.853439331,0,0,0,0,0,1,0,0,0,0,0,0,0,0,0,0
-0.3855896,0.045684814,-0.912338257,0,0,0,0,0,1,0,0,0,0,0,0,0,0,0,0
-0.324584961,0.114425659,-0.916534424,0,0,0,0,0,1,0,0,0,0,0,0,0,0,0,0
-0.276870728,0.147750854,-0.967269897,0,0,0,0,0,1,0,0,0,0,0,0,0,0,0,0
-0.224899292,0.196426392,-0.950668335,0,0,0,0,0,1,0,0,0,0,0,0,0,0,0,0
-0.141296387,0.218673706,-0.964431763,0,0,0,0,0,1,0,0,0,0,0,0,0,0,0,0
-0.086395264,0.253295898,-0.996200562,0,0,0,0,0,1,0,0,0,0,0,0,0,0,0,0
-0.077392578,0.232635498,-0.974014282,0,0,0,0,0,1,0,0,0,0,0,0,0,0,0,0
-0.039291382,0.27130127,-0.970474243,0,0,0,0,0,1,0,0,0,0,0,0,0,0,0,0
-0.034591675,0.294235229,-0.954971313,0,0,0,0,0,1,0,0,0,0,0,0,0,0,0,0
-0.031600952,0.3412323,-0.938049316,0,0,0,0,0,1,0,0,0,0,0,0,0,0,0,0
0.030822754,0.402526855,-0.938140869,0,0,0,0,0,1,0,0,0,0,0,0,0,0,0,0
0.039459229,0.325164795,-0.946960449,0,0,0,0,0,1,0,0,0,0,0,0,0,0,0,0
0.022964478,0.284393311,-0.954086304,0,0,0,0,0,1,0,0,0,0,0,0,0,0,0,0
0.044815063,0.302276611,-0.962814331,0,0,0,0,0,1,0,0,0,0,0,0,0,0,0,0
0.010848999,0.322067261,-0.951507568,0,0,0,0,0,1,0,0,0,0,0,0,0,0,0,0
0.001831055,0.302719116,-0.953704834,0,0,0,0,0,1,0,0,0,0,0,0,0,0,0,0
-0.01083374,0.33291626,-0.952026367,0,0,0,0,0,1,0,0,0,0,0,0,0,0,0,0
-0.032180786,0.319488525,-0.949310303,0,0,0,0,0,1,0,0,0,0,0,0,0,0,0,0
-0.04145813,0.312835693,-0.950576782,0,0,0,0,0,1,0,0,0,0,0,0,0,0,0,0
-0.031723022,0.318557739,-0.953338623,0,0,0,0,0,1,0,0,0,0,0,0,0,0,0,0
-0.020858765,0.312393188,-0.951034546,0,0,0,0,0,1,0,0,0,0,0,0,0,0,0,0
0.008361816,0.325302124,-0.951461792,0,0,0,0,0,1,0,0,0,0,0,0,0,0,0,0
0.022491455,0.322372437,-0.948898315,0,0,0,0,0,1,0,0,0,0,0,0,0,0,0,0
0.034912109,0.326766968,-0.951980591,0,0,0,0,0,1,0,0,0,0,0,0,0,0,0,0
0.032089233,0.320220947,-0.952331543,0,0,0,0,0,1,0,0,0,0,0,0,0,0,0,0
0.025436401,0.322692871,-0.950759888,0,0,0,0,0,1,0,0,0,0,0,0,0,0,0,0
0.009399414,0.333282471,-0.94871521,0,0,0,0,0,0,0,0,0,0,0,0,0,0,1,0
-0.001571655,0.325424194,-0.946624756,0,0,0,0,0,0,0,0,0,0,0,0,0,0,1,0
-0.003463745,0.319732666,-0.949127197,0,0,0,0,0,0,0,0,0,0,0,0,0,0,1,0
-0.001724243,0.32131958,-0.946456909,0,0,0,0,0,0,0,0,0,0,0,0,0,0,1,0
0.008651733,0.322723389,-0.948028564,0,0,0,0,0,0,0,0,0,0,0,0,0,0,1,0
0.014205933,0.323364258,-0.950363159,0,0,0,0,0,0,0,0,0,0,0,0,0,0,1,0
0.016159058,0.329589844,-0.94909668,0,0,0,0,0,0,0,0,0,0,0,0,0,0,1,0
0.016647339,0.328918457,-0.947662354,0,0,0,0,0,0,0,0,0,0,0,0,0,0,1,0
0.017913818,0.321472168,-0.951660156,0,0,0,0,0,0,0,0,0,0,0,0,0,0,1,0
0.017349243,0.328063965,-0.95149231,0,0,0,0,0,0,0,0,0,0,0,0,0,0,1,0
0.01322937,0.334564209,-0.950164795,0,0,0,0,0,0,0,0,0,0,0,0,0,0,1,0
0.000808716,0.319366455,-0.947784424,0,0,0,0,0,0,0,0,0,0,0,0,0,0,1,0
0.011550903,0.333023071,-0.948577881,0,0,0,0,0,0,0,0,0,0,0,0,0,0,1,0
0.00869751,0.327423096,-0.946929932,0,0,0,0,0,0,0,0,0,0,0,0,0,0,1,0
0.012817383,0.324188232,-0.950241089,0,0,0,0,0,0,0,0,0,0,0,0,0,0,1,0
0.015029907,0.32951355,-0.949935913,0,0,0,0,0,0,0,0,0,0,0,0,0,0,1,0
0.017730713,0.33807373,-0.950546265,0,0,0,0,0,0,0,0,0,0,0,0,0,0,1,0
0.007873535,0.328323364,-0.947723389,0,0,0,0,0,0,0,0,0,0,0,0,0,0,1,0
0.013473511,0.331573486,-0.948379517,0,0,0,0,0,0,0,0,0,0,0,0,0,0,1,0
0.008255005,0.325454712,-0.946807861,0,0,0,0,0,0,0,0,0,0,0,0,0,0,1,0
0.010971069,0.332733154,-0.947143555,0,0,0,0,0,0,0,0,0,0,0,0,0,0,1,0
0.010803223,0.330993652,-0.947021484,0,0,0,0,0,0,0,0,0,0,0,0,0,0,1,0
0.019195557,0.333953857,-0.948852539,0,0,0,0,0,0,0,0,0,0,0,0,0,0,1,0
0.009048462,0.327438354,-0.948822021,0,0,0,0,0,0,0,0,0,0,0,0,0,0,1,0
0.014801025,0.33404541,-0.947494507,0,0,0,0,0,0,0,0,0,0,0,0,0,0,1,0
0.012420654,0.340866089,-0.94543457,0,0,0,0,0,0,0,0,0,0,0,0,0,0,1,0
0.011947632,0.332122803,-0.946182251,0,0,0,0,0,0,0,0,0,0,0,0,0,0,1,0
0.011566162,0.333328247,-0.94619751,0,0,0,0,0,0,0,0,0,0,0,0,0,0,1,0
0.014770508,0.342224121,-0.944641113,0,0,0,0,0,0,0,0,0,0,0,0,0,0,1,0
0.008468628,0.331985474,-0.944671631,0,0,0,0,0,0,0,0,0,0,0,0,0,0,1,0
0.013916016,0.334762573,-0.948242188,0,0,0,0,0,0,0,0,0,0,0,0,0,0,1,0
0.011932373,0.332489014,-0.947372437,0,0,0,0,0,0,0,0,0,0,0,0,0,0,1,0
0.014694214,0.333053589,-0.946640015,0,0,0,0,0,0,0,0,0,0,0,0,0,0,1,0
0.014282227,0.336288452,-0.947387695,0,0,0,0,0,0,0,0,0,0,0,0,0,0,1,0
0.015029907,0.34135437,-0.946380615,0,0,0,0,0,0,0,0,0,0,0,0,0,0,1,0
0.009414673,0.336105347,-0.942886353,0,0,0,0,0,0,0,0,0,0,0,0,0,0,1,0
0.014282227,0.338912964,-0.946166992,0,0,0,0,0,0,0,0,0,0,0,0,0,0,1,0
0.014831543,0.336975098,-0.943191528,0,0,0,0,0,0,0,0,0,0,0,0,0,0,1,0
0.015213013,0.336746216,-0.945053101,0,0,0,0,0,0,0,0,0,0,0,0,0,0,1,0
0.014541626,0.338287354,-0.944656372,0,0,0,0,0,0,0,0,0,0,0,0,0,0,1,0
0.018310547,0.341323853,-0.943786621,0,0,0,0,0,0,0,0,0,0,0,0,0,0,1,0
0.013046265,0.33744812,-0.942184448,0,0,0,0,0,0,0,0,0,0,0,0,0,0,1,0
0.018295288,0.342300415,-0.94303894,0,0,0,0,0,0,0,0,0,0,0,0,0,0,1,0
0.016021729,0.341506958,-0.942169189,0,0,0,0,0,0,0,0,0,0,0,0,0,0,1,0
0.017593384,0.339126587,-0.944290161,0,0,0,0,0,0,0,0,0,0,0,0,0,0,1,0
0.018264771,0.335830688,-0.944793701,0,0,0,0,0,0,0,0,0,0,0,0,0,0,1,0
0.021270752,0.340148926,-0.947937012,0,0,0,0,0,0,0,0,0,0,0,0,0,0,1,0
0.01272583,0.33380127,-0.942733765,0,0,0,0,0,0,0,0,0,0,0,0,0,0,1,0
0.017745972,0.343826294,-0.945129395,0,0,0,0,0,0,0,0,0,0,0,0,0,0,1,0
0.018722534,0.339645386,-0.945373535,0,0,0,0,0,0,0,0,0,0,0,0,0,0,1,0
0.021820068,0.342880249,-0.944564819,0,0,0,0,0,0,0,0,0,0,0,0,0,0,1,0
0.017944336,0.341247559,-0.942871094,0,0,0,0,0,0,0,0,0,0,0,0,0,0,1,0
0.015106201,0.340454102,-0.942687988,0,0,0,0,0,0,0,0,0,0,0,0,0,0,1,0
0.016220093,0.343582153,-0.941329956,0,0,0,0,0,0,0,0,0,0,0,0,0,0,1,0
0.014984131,0.341720581,-0.944503784,0,0,0,0,0,0,0,0,0,0,0,0,0,0,1,0
0.017837524,0.342773438,-0.943161011,0,0,0,0,0,0,0,0,0,0,0,0,0,0,1,0
0.017440796,0.334609985,-0.943634033,0,0,0,0,0,0,0,0,0,0,0,0,0,0,1,0
0.018936157,0.338562012,-0.943832397,0,0,0,0,0,0,0,0,0,0,0,0,0,0,1,0
0.018249512,0.343002319,-0.94442749,0,0,0,0,0,0,0,0,0,0,0,0,0,0,1,0
0.017059326,0.338653564,-0.943389893,0,0,0,0,0,0,0,0,0,0,0,0,0,0,1,0
0.019088745,0.341934204,-0.94342041,0,0,0,0,0,0,0,0,0,0,0,0,0,0,1,0
0.016036987,0.338760376,-0.944702148,0,0,0,0,0,0,0,0,0,0,0,0,0,0,1,0
0.016677856,0.34135437,-0.943710327,0,0,0,0,0,0,0,0,0,0,0,0,0,0,1,0
0.015625,0.337310791,-0.943130493,0,0,0,0,0,0,0,0,0,0,0,0,0,0,1,0
0.01776123,0.335205078,-0.944946289,0,0,0,0,0,0,0,0,0,0,0,0,0,0,1,0
0.017669678,0.340454102,-0.943130493,0,0,0,0,0,0,0,0,0,0,0,0,0,0,1,0
0.018249512,0.340301514,-0.943954468,0,0,0,0,0,0,0,0,0,0,0,0,0,0,1,0
0.016983032,0.33732605,-0.944213867,0,0,0,0,0,0,0,0,0,0,0,0,0,0,1,0
0.012542725,0.336456299,-0.943832397,0,0,0,0,0,0,0,0,0,0,0,0,0,0,1,0
0.014709473,0.338684082,-0.945236206,0,0,0,0,0,0,0,0,0,0,0,0,0,0,1,0
0.01852417,0.337677002,-0.944168091,0,0,0,0,0,0,0,0,0,0,0,0,0,0,1,0
0.016448975,0.339691162,-0.944763184,0,0,0,0,0,0,0,0,0,0,0,0,0,0,1,0
0.015670776,0.341033936,-0.943984985,0,0,0,0,0,0,0,0,0,0,0,0,0,0,1,0
0.013473511,0.339141846,-0.942337036,0,0,0,0,0,0,0,0,0,0,0,0,0,0,1,0
0.016036987,0.339416504,-0.942245483,0,0,0,0,0,0,0,0,0,0,0,0,0,0,1,0
0.019058228,0.341323853,-0.947052002,0,0,0,0,0,0,0,0,0,0,0,0,0,0,1,0
0.017608643,0.342437744,-0.945495605,0,0,0,0,0,0,0,0,0,0,0,0,0,0,1,0
0.018188477,0.336517334,-0.944702148,0,0,0,0,0,0,0,0,0,0,0,0,0,0,1,0
0.016571045,0.3387146,-0.94303894,0,0,0,0,0,0,0,0,0,0,0,0,0,0,1,0
0.016448975,0.341140747,-0.942016602,0,0,0,0,0,0,0,0,0,0,0,0,0,0,1,0
0.017272949,0.342498779,-0.941421509,0,0,0,0,0,0,0,0,0,0,0,0,0,0,1,0
0.019012451,0.347335815,-0.942871094,0,0,0,0,0,0,0,0,0,0,0,0,0,0,1,0
0.017684937,0.341934204,-0.943161011,0,0,0,0,0,0,0,0,0,0,0,0,0,0,1,0
0.01914978,0.341644287,-0.944656372,0,0,0,0,0,0,0,0,0,0,0,0,0,0,1,0
0.017654419,0.340637207,-0.940689087,0,0,0,0,0,0,0,0,0,0,0,0,0,0,1,0
0.018417358,0.339569092,-0.944000244,0,0,0,0,0,0,0,0,0,0,0,0,0,0,1,0
0.019760132,0.341583252,-0.94303894,0,0,0,0,0,0,0,0,0,0,0,0,0,0,1,0
0.016860962,0.339691162,-0.94354248,0,0,0,0,0,0,0,0,0,0,0,0,0,0,1,0
0.021026611,0.345291138,-0.945327759,0,0,0,0,0,0,0,0,0,0,0,0,0,0,1,0
0.015960693,0.338851929,-0.941848755,0,0,0,0,0,0,0,0,0,0,0,0,0,0,1,0
0.019897461,0.342391968,-0.94229126,0,0,0,0,0,0,0,0,0,0,0,0,0,0,1,0
0.021377563,0.337844849,-0.945297241,0,0,0,0,0,0,0,0,0,0,0,0,0,0,1,0
0.021911621,0.344512939,-0.942855835,0,0,0,0,0,0,0,0,0,0,0,0,0,0,1,0
0.019454956,0.339859009,-0.94229126,0,0,0,0,0,0,0,0,0,0,0,0,0,0,1,0
0.022949219,0.34437561,-0.942581177,0,0,0,0,0,0,0,0,0,0,0,0,0,0,1,0
0.020584106,0.344741821,-0.941635132,0,0,0,0,0,0,0,0,0,0,0,0,0,0,1,0
0.020080566,0.345230103,-0.942871094,0,0,0,0,0,0,0,0,0,0,0,0,0,0,1,0
0.018829346,0.344909668,-0.943511963,0,0,0,0,0,0,0,0,0,0,0,0,0,0,1,0
0.020782471,0.341079712,-0.941726685,0,0,0,0,0,0,0,0,0,0,0,0,0,0,1,0
0.021896362,0.343963623,-0.94052124,0,0,0,0,0,0,0,0,0,0,0,0,0,0,1,0
0.022567749,0.344284058,-0.943817139,0,0,0,0,0,0,0,0,0,0,0,0,0,0,1,0
0.022445679,0.344985962,-0.942733765,0,0,0,0,0,0,0,0,0,0,0,0,0,0,1,0
0.021972656,0.346206665,-0.942825317,0,0,0,0,0,0,0,0,0,0,0,0,0,0,1,0
0.019821167,0.341888428,-0.941223145,0,0,0,0,0,0,0,0,0,0,0,0,0,0,1,0
0.022201538,0.338134766,-0.943252563,0,0,0,0,0,0,0,0,0,0,0,0,0,0,1,0
0.021789551,0.346969604,-0.943206787,0,0,0,0,0,0,0,0,0,0,0,0,0,0,1,0
0.016738892,0.344329834,-0.941131592,0,0,0,0,0,0,0,0,0,0,0,0,0,0,1,0
0.018630981,0.340789795,-0.941238403,0,0,0,0,0,0,0,0,0,0,0,0,0,0,1,0
0.02406311,0.342071533,-0.945114136,0,0,0,0,0,0,0,0,0,0,0,0,0,0,1,0
0.023284912,0.346115112,-0.944015503,0,0,0,0,0,0,0,0,0,0,0,0,0,0,1,0
0.018661499,0.342178345,-0.943725586,0,0,0,0,0,0,0,0,0,0,0,0,0,0,1,0
0.016448975,0.335723877,-0.944442749,0,0,0,0,0,0,0,0,0,0,0,0,0,0,1,0
0.018676758,0.34072876,-0.942733765,0,0,0,0,0,0,0,0,0,0,0,0,0,0,1,0
0.019454956,0.341720581,-0.943099976,0,0,0,0,0,0,0,0,0,0,0,0,0,0,1,0
0.019012451,0.340881348,-0.944641113,0,0,0,0,0,0,0,0,0,0,0,0,0,0,1,0
0.022232056,0.345169067,-0.942947388,0,0,0,0,0,0,0,0,0,0,0,0,0,0,1,0
0.015350342,0.33946228,-0.9425354,0,0,0,0,0,0,0,0,0,0,0,0,0,0,1,0
0.018966675,0.341812134,-0.942306519,0,0,0,0,0,0,0,0,0,0,0,0,0,0,1,0
0.017730713,0.340438843,-0.942993164,0,0,0,0,0,0,0,0,0,0,0,0,0,0,1,0
0.017730713,0.340438843,-0.942993164,0,0,0,0,0,0,0,0,0,0,0,0,0,0,1,0
0.019104004,0.34487915,-0.943145752,0,0,0,0,0,0,0,0,0,0,0,0,0,0,1,0
0.018508911,0.342422485,-0.945129395,0,0,0,0,0,0,0,0,0,0,0,0,0,0,1,0
0.021316528,0.341934204,-0.942749023,0,0,0,0,0,0,0,0,0,0,0,0,0,0,1,0
0.019195557,0.343261719,-0.945266724,0,0,0,0,0,0,0,0,0,0,0,0,0,0,1,0
0.01864624,0.340942383,-0.944381714,0,0,0,0,0,0,0,0,0,0,0,0,0,0,1,0
0.014541626,0.334701538,-0.941986084,0,0,0,0,0,0,0,0,0,0,0,0,0,0,1,0
0.019424438,0.34576416,-0.94342041,0,0,0,0,0,0,0,0,0,0,0,0,0,0,1,0
0.024398804,0.350097656,-0.947052002,0,0,0,0,0,0,0,0,0,0,0,0,0,0,1,0
0.014282227,0.335357666,-0.943206787,0,0,0,0,0,0,0,0,0,0,0,0,0,0,1,0
0.016220093,0.335525513,-0.942886353,0,0,0,0,0,0,0,0,0,0,0,0,0,0,1,0
0.019073486,0.343505859,-0.943344116,0,0,0,0,0,0,0,0,0,0,0,0,0,0,1,0
0.018478394,0.345535278,-0.94342041,0,0,0,0,0,0,0,0,1,0,0,0,0,0,0,0
0.018585205,0.341384888,-0.942749023,0,0,0,0,0,0,0,0,1,0,0,0,0,0,0,0
0.020324707,0.340957642,-0.945678711,0,0,0,0,0,0,0,0,1,0,0,0,0,0,0,0
0.02192688,0.340774536,-0.945404053,0,0,0,0,0,0,0,0,1,0,0,0,0,0,0,0
0.016738892,0.340270996,-0.944732666,0,0,0,0,0,0,0,0,1,0,0,0,0,0,0,0
0.019790649,0.346862793,-0.943191528,0,0,0,0,0,0,0,0,1,0,0,0,0,0,0,0
0.019241333,0.339172363,-0.94519043,0,0,0,0,0,0,0,0,1,0,0,0,0,0,0,0
0.027572632,0.34286499,-0.943008423,0,0,0,0,0,0,0,0,1,0,0,0,0,0,0,0
0.023468018,0.342712402,-0.945083618,0,0,0,0,0,0,0,0,1,0,0,0,0,0,0,0
0.029327393,0.338912964,-0.935501099,0,0,0,0,0,0,0,0,1,0,0,0,0,0,0,0
0.01411438,0.35458374,-0.935852051,0,0,0,0,0,0,0,0,1,0,0,0,0,0,0,0
0.014755249,0.363433838,-0.943191528,0,0,0,0,0,0,0,0,1,0,0,0,0,0,0,0
0.039306641,0.335159302,-0.936599731,0,0,0,0,0,0,0,0,1,0,0,0,0,0,0,0
0.02583313,0.371047974,-0.93347168,0,0,0,0,0,0,0,0,1,0,0,0,0,0,0,0
0.051177979,0.379043579,-0.931808472,0,0,0,0,0,0,0,0,1,0,0,0,0,0,0,0
0.080535889,0.409866333,-0.906173706,0,0,0,0,0,0,0,0,1,0,0,0,0,0,0,0
0.11227417,0.464355469,-0.865386963,0,0,0,0,0,0,0,0,1,0,0,0,0,0,0,0
0.164871216,0.601501465,-0.797225952,0,0,0,0,0,0,0,0,1,0,0,0,0,0,0,0
0.213531494,0.671020508,-0.703369141,0,0,0,0,0,0,0,0,1,0,0,0,0,0,0,0
0.164077759,0.692260742,-0.697784424,0,0,0,0,0,0,0,0,1,0,0,0,0,0,0,0
0.201400757,0.699630737,-0.668579102,0,0,0,0,0,0,0,0,1,0,0,0,0,0,0,0
0.157974243,0.809646606,-0.605895996,0,0,0,0,0,0,0,0,1,0,0,0,0,0,0,0
0.224700928,0.711364746,-0.592636108,0,0,0,0,0,0,0,0,1,0,0,0,0,0,0,0
0.226028442,0.776535034,-0.581985474,0,0,0,0,0,0,0,0,1,0,0,0,0,0,0,0
0.226013184,0.85975647,-0.578811646,0,0,0,0,0,0,0,0,1,0,0,0,0,0,0,0
0.192199707,0.788146973,-0.569122314,0,0,0,0,0,0,0,0,1,0,0,0,0,0,0,0
0.248764038,0.835449219,-0.527740479,0,0,0,0,0,0,0,0,1,0,0,0,0,0,0,0
0.196243286,0.815200806,-0.506820679,0,0,0,0,0,0,0,0,1,0,0,0,0,0,0,0
0.205337524,0.803573608,-0.471984863,0,0,0,0,0,0,0,0,1,0,0,0,0,0,0,0
0.224517822,0.944061279,-0.430007935,0,0,0,0,0,0,0,0,1,0,0,0,0,0,0,0
0.202758789,0.926132202,-0.373550415,0,0,0,0,0,0,0,0,1,0,0,0,0,0,0,0
0.203262329,0.920959473,-0.347106934,0,0,0,0,0,0,0,0,1,0,0,0,0,0,0,0
0.208251953,0.895706177,-0.3722229,0,0,0,0,0,0,0,0,1,0,0,0,0,0,0,0
0.255966187,0.890884399,-0.350769043,0,0,0,0,0,0,0,0,1,0,0,0,0,0,0,0
0.232559204,0.947906494,-0.343185425,0,0,0,0,0,0,0,0,1,0,0,0,0,0,0,0
0.263000488,0.932723999,-0.319854736,0,0,0,0,0,0,0,0,1,0,0,0,0,0,0,0
0.250991821,0.957977295,-0.296676636,0,0,0,0,0,0,0,0,1,0,0,0,0,0,0,0
0.253890991,0.958358765,-0.294387817,0,0,0,0,0,0,0,0,1,0,0,0,0,0,0,0
0.266967773,0.94631958,-0.294433594,0,0,0,0,0,0,0,0,1,0,0,0,0,0,0,0
0.244262695,0.894210815,-0.295059204,0,0,0,0,0,0,0,0,1,0,0,0,0,0,0,0
0.230148315,0.928314209,-0.296569824,0,0,0,0,0,0,0,0,1,0,0,0,0,0,0,0
0.239898682,0.92364502,-0.283309937,0,0,0,0,0,0,0,0,1,0,0,0,0,0,0,0
0.252304077,0.940597534,-0.291320801,0,0,0,0,0,0,0,0,1,0,0,0,0,0,0,0
0.238830566,0.9402771,-0.258163452,0,0,0,0,0,0,0,0,1,0,0,0,0,0,0,0
0.256210327,0.86920166,-0.26763916,0,0,0,0,0,0,0,0,1,0,0,0,0,0,0,0
0.251113892,0.937576294,-0.245178223,0,0,0,0,0,0,0,0,1,0,0,0,0,0,0,0
0.212036133,0.941299438,-0.242828369,0,0,0,0,0,0,0,0,1,0,0,0,0,0,0,0
0.249252319,0.950912476,-0.263305664,0,0,0,0,0,0,0,0,1,0,0,0,0,0,0,0
0.224349976,0.945327759,-0.258239746,0,0,0,0,0,0,0,0,1,0,0,0,0,0,0,0
0.257019043,0.943283081,-0.254638672,0,0,0,0,0,0,0,0,1,0,0,0,0,0,0,0
0.23614502,0.94493103,-0.238143921,0,0,0,0,0,0,0,0,1,0,0,0,0,0,0,0
0.244918823,0.940490723,-0.248016357,0,0,0,0,0,0,0,0,1,0,0,0,0,0,0,0
0.259902954,0.950012207,-0.248886108,0,0,0,0,0,0,0,0,1,0,0,0,0,0,0,0
0.222732544,0.967773438,-0.235687256,0,0,0,0,0,0,0,0,1,0,0,0,0,0,0,0
0.250564575,0.943649292,-0.245956421,0,0,0,0,0,0,0,0,1,0,0,0,0,0,0,0
0.22984314,0.944778442,-0.248138428,0,0,0,0,0,0,0,0,1,0,0,0,0,0,0,0
0.226303101,0.962524414,-0.24118042,0,0,0,0,0,0,0,0,1,0,0,0,0,0,0,0
0.247848511,0.950317383,-0.242843628,0,0,0,0,0,0,0,0,1,0,0,0,0,0,0,0
0.230819702,0.952377319,-0.244155884,0,0,0,0,0,0,0,0,0,0,0,0,0,0,1,0
0.239807129,0.938049316,-0.249389648,0,0,0,0,0,0,0,0,0,0,0,0,0,0,1,0
0.221191406,0.948928833,-0.239776611,0,0,0,0,0,0,0,0,0,0,0,0,0,0,1,0
0.245330811,0.944335938,-0.248291016,0,0,0,0,0,0,0,0,0,0,0,0,0,0,1,0
0.223144531,0.954666138,-0.243377686,0,0,0,0,0,0,0,0,0,0,0,0,0,0,1,0
0.244735718,0.923126221,-0.242156982,0,0,0,0,0,0,0,0,0,0,0,0,0,0,1,0
0.222137451,0.955383301,-0.232635498,0,0,0,0,0,0,0,0,0,0,0,0,0,0,1,0
0.241607666,0.938415527,-0.244049072,0,0,0,0,0,0,0,0,0,0,0,0,0,0,1,0
0.233535767,0.974899292,-0.236129761,0,0,0,0,0,0,0,0,0,0,0,0,0,0,1,0
0.229446411,0.966842651,-0.23916626,0,0,0,0,0,0,0,0,0,0,0,0,0,0,1,0
0.256378174,0.943435669,-0.236862183,0,0,0,0,0,0,0,0,0,0,0,0,0,0,1,0
0.22277832,0.94708252,-0.226119995,0,0,0,0,0,0,0,0,0,0,0,0,0,0,1,0
0.253646851,0.9324646,-0.238265991,0,0,0,0,0,0,0,0,0,0,0,0,0,0,1,0
0.23034668,0.952545166,-0.23928833,0,0,0,0,0,0,0,0,0,0,0,0,0,0,1,0
0.243682861,0.955291748,-0.235534668,0,0,0,0,0,0,0,0,0,0,0,0,0,0,1,0
0.243377686,0.948379517,-0.22833252,0,0,0,0,0,0,0,0,0,0,0,0,0,0,1,0
0.243499756,0.941299438,-0.224884033,0,0,0,0,0,0,0,0,0,0,0,0,0,0,1,0
0.244476318,0.961502075,-0.230926514,0,0,0,0,0,0,0,0,0,0,0,0,0,0,1,0
0.239379883,0.96472168,-0.227676392,0,0,0,0,0,0,0,0,0,0,0,0,0,0,1,0
0.221435547,0.95866394,-0.226242065,0,0,0,0,0,0,0,0,0,0,0,0,0,0,1,0
0.251876831,0.939529419,-0.234802246,0,0,0,0,0,0,0,0,0,0,0,0,0,0,1,0
0.235092163,0.95098877,-0.226669312,0,0,0,0,0,0,0,0,0,0,0,0,0,0,1,0
0.230667114,0.956283569,-0.223022461,0,0,0,0,0,0,0,0,0,0,0,0,0,0,1,0
0.236831665,0.954376221,-0.224624634,0,0,0,0,0,0,0,0,0,0,0,0,0,0,1,0
0.234558105,0.955795288,-0.223007202,0,0,0,0,0,0,0,0,0,0,0,0,0,0,1,0
0.231903076,0.944168091,-0.22718811,0,0,0,0,0,0,0,0,0,0,0,0,0,0,1,0
0.245788574,0.949401855,-0.229385376,0,0,0,0,0,0,0,0,0,0,0,0,0,0,1,0
0.230392456,0.943664551,-0.220397949,0,0,0,0,0,0,0,0,0,0,0,0,0,0,1,0
0.225769043,0.949401855,-0.243713379,0,0,0,0,0,0,0,0,0,0,0,0,0,0,1,0
0.250762939,0.934799194,-0.231491089,0,0,0,0,0,0,0,0,0,0,0,0,0,0,1,0
0.244842529,0.940948486,-0.224060059,0,0,0,0,0,0,0,0,0,0,0,0,0,0,1,0
0.242675781,0.943191528,-0.215759277,0,0,0,0,0,0,0,0,0,0,0,0,0,0,1,0
0.2318573,0.93737793,-0.214630127,0,0,0,0,0,0,0,0,0,0,0,0,0,0,1,0
0.23538208,0.925842285,-0.211395264,0,0,0,0,0,0,0,0,0,0,0,0,0,0,1,0
0.233917236,0.957733154,-0.214950562,0,0,0,0,0,0,0,0,0,0,0,0,0,0,1,0
0.214202881,0.964431763,-0.216262817,0,0,0,0,0,0,0,0,0,0,0,0,0,0,1,0
0.216964722,0.959197998,-0.218414307,0,0,0,0,0,0,0,0,0,0,0,0,0,0,1,0
0.248474121,0.952453613,-0.223999023,0,0,0,0,0,0,0,0,0,0,0,0,0,0,1,0
0.218643188,0.962188721,-0.213302612,0,0,0,0,0,0,0,0,0,0,0,0,0,0,1,0
0.239547729,0.949981689,-0.21496582,0,0,0,0,0,0,0,0,0,0,0,0,0,0,1,0
0.225524902,0.987792969,-0.213500977,0,0,0,0,0,0,0,0,0,0,0,0,0,0,1,0
0.235839844,0.989471436,-0.20954895,0,0,0,0,0,0,0,0,0,0,0,0,0,0,1,0
0.232330322,0.957794189,-0.220733643,0,0,0,0,0,0,0,0,0,0,0,0,0,0,1,0
0.237228394,0.955383301,-0.218261719,0,0,0,0,0,0,0,0,0,0,0,0,0,0,1,0
0.235092163,0.95149231,-0.210128784,0,0,0,0,0,0,0,0,0,0,0,0,0,0,1,0
0.242218018,0.958007813,-0.200668335,0,0,0,0,0,0,0,0,0,0,0,0,0,0,1,0
0.231582642,0.967681885,-0.203933716,0,0,0,0,0,0,0,0,0,0,0,0,0,0,1,0
0.231430054,0.957366943,-0.199630737,0,0,0,0,0,0,0,0,0,0,0,0,0,0,1,0
0.236953735,0.964614868,-0.196975708,0,0,0,0,0,0,0,0,0,0,0,0,0,0,1,0
0.223953247,0.966445923,-0.197875977,0,0,0,0,0,0,0,0,0,0,0,0,0,0,1,0
0.21232605,0.959716797,-0.204483032,0,0,0,0,0,0,0,0,0,0,0,0,0,0,1,0
0.232574463,0.957077026,-0.204544067,0,0,0,0,0,0,0,0,0,0,0,0,0,0,1,0
0.237823486,0.953994751,-0.199447632,0,0,0,0,0,0,0,0,0,0,0,0,0,0,1,0
0.235092163,0.957077026,-0.203659058,0,0,0,0,0,0,0,0,0,0,0,0,0,0,1,0
0.218994141,0.976303101,-0.191299438,0,0,0,0,0,0,0,0,0,0,0,0,0,0,1,0
0.247299194,0.958831787,-0.199996948,0,0,0,0,0,0,0,0,0,0,0,0,0,0,1,0
0.222686768,0.977081299,-0.195678711,0,0,0,0,0,0,0,0,0,0,0,0,0,0,1,0
0.25378418,0.955856323,-0.208770752,0,0,0,0,0,0,0,0,0,0,0,0,0,0,1,0
0.22366333,0.956848145,-0.201370239,0,0,0,0,0,0,0,0,0,0,0,0,0,0,1,0
0.220962524,0.934082031,-0.200256348,0,0,0,0,0,0,0,0,0,0,0,0,0,0,1,0
0.227310181,0.967590332,-0.18321228,0,0,0,0,0,0,0,0,0,0,0,0,0,0,1,0
0.23135376,0.970031738,-0.187347412,0,0,0,0,0,0,0,0,0,0,0,0,0,0,1,0
0.234542847,0.961883545,-0.193405151,0,0,0,0,0,0,0,0,0,0,0,0,0,0,1,0
0.224578857,0.985687256,-0.192474365,0,0,0,0,0,0,0,0,0,0,0,0,0,0,1,0
0.240463257,0.954391479,-0.201400757,0,0,0,0,0,0,0,0,0,0,0,0,0,0,1,0
0.241592407,0.943466187,-0.194503784,0,0,0,0,0,0,0,0,0,0,0,0,0,0,1,0
0.239425659,0.96031189,-0.191497803,0,0,0,0,0,0,0,0,0,0,0,0,0,0,1,0
0.230010986,0.95753479,-0.214920044,0,0,0,0,0,0,0,0,0,0,0,0,0,0,1,0
0.236083984,0.9296875,-0.197097778,0,0,0,0,0,0,0,0,0,0,0,0,0,0,1,0
0.242401123,0.93347168,-0.184280396,0,0,0,0,0,0,0,0,0,0,0,0,0,0,1,0
0.240005493,0.964035034,-0.168533325,0,0,0,0,0,0,0,0,0,0,0,0,0,0,1,0
0.220550537,0.968276978,-0.185592651,0,0,0,0,0,0,0,0,0,0,0,0,0,0,1,0
0.228179932,0.952651978,-0.205322266,0,0,0,0,0,0,0,0,0,0,0,0,0,0,1,0
0.23425293,0.945785522,-0.205184937,0,0,0,0,0,0,0,0,0,0,0,0,0,0,1,0
0.222244263,0.93977356,-0.198974609,0,0,0,0,0,0,0,0,0,0,0,0,0,0,1,0
0.219741821,0.934051514,-0.187835693,0,0,0,0,0,0,0,0,0,0,0,0,0,0,1,0
0.212158203,0.945404053,-0.190612793,0,0,0,0,0,0,0,0,0,0,0,0,0,0,1,0
0.223388672,0.951583862,-0.202331543,0,0,0,0,0,0,0,0,0,0,0,0,0,0,1,0
0.228424072,0.967071533,-0.186813354,0,0,0,0,0,0,0,0,0,0,0,0,0,0,1,0
0.233718872,0.950210571,-0.202331543,0,0,0,0,0,0,0,0,0,0,0,0,0,0,1,0
0.2605896,0.916305542,-0.201644897,0,0,0,0,0,0,0,0,0,0,0,0,0,0,1,0
0.236938477,0.926528931,-0.196075439,0,0,0,0,0,0,0,0,0,0,0,0,0,0,1,0
0.219421387,0.968322754,-0.182998657,0,0,0,0,0,0,0,0,0,0,0,0,0,0,1,0
0.212982178,0.98828125,-0.191070557,0,0,0,0,0,0,0,0,0,0,0,0,0,0,1,0
0.225341797,0.967041016,-0.199050903,0,0,0,0,0,0,0,0,0,0,0,0,0,0,1,0
0.234375,0.945281982,-0.200958252,0,0,0,0,0,0,0,0,0,0,0,0,0,0,1,0
0.255966187,0.945343018,-0.200881958,0,0,0,0,0,0,0,0,0,0,0,0,0,0,1,0
0.240737915,0.964508057,-0.208374023,0,0,0,0,0,0,0,0,0,0,0,0,0,0,1,0
0.217041016,0.961257935,-0.209121704,0,0,0,0,0,0,0,0,0,0,0,0,0,0,1,0
0.221191406,0.964874268,-0.191299438,0,0,0,0,0,0,0,0,0,0,0,0,0,0,1,0
0.214141846,0.964599609,-0.191757202,0,0,0,0,0,0,0,0,0,0,0,0,0,0,1,0
0.225997925,0.952926636,-0.195419312,0,0,0,0,0,0,0,0,0,0,0,0,0,0,1,0
0.22505188,0.970825195,-0.186355591,0,0,0,0,0,0,0,0,0,0,0,0,0,0,1,0
0.237442017,0.949081421,-0.185684204,0,0,0,0,0,0,0,0,0,0,0,0,0,0,1,0
0.233306885,0.970123291,-0.199356079,0,0,0,0,0,0,0,0,0,0,0,0,0,0,1,0
0.226638794,0.968215942,-0.200683594,0,0,0,0,0,0,0,0,0,0,0,0,0,0,1,0
0.222671509,0.967956543,-0.179794312,0,0,0,0,0,0,0,0,0,0,0,0,0,0,1,0
0.223098755,0.958969116,-0.18069458,0,0,0,0,0,0,0,0,0,0,0,0,0,0,1,0
0.23828125,0.956848145,-0.183242798,0,0,0,0,0,0,0,0,0,0,0,0,0,0,1,0
0.22114563,0.953781128,-0.185653687,0,0,0,0,0,0,0,0,0,0,0,0,0,0,1,0
0.205322266,0.968002319,-0.1925354,0,0,0,0,0,0,0,0,0,0,0,0,0,0,1,0
0.211914063,0.96862793,-0.190063477,0,0,0,0,0,0,0,0,0,0,0,0,0,0,1,0
0.211776733,0.956008911,-0.194076538,0,0,0,0,0,0,0,0,0,0,0,0,0,0,1,0
0.235580444,0.932769775,-0.206985474,0,0,0,0,0,0,0,0,0,0,0,0,0,0,1,0
0.229110718,0.946517944,-0.177474976,0,0,0,0,0,0,0,0,0,0,0,0,0,0,1,0
0.248275757,0.950454712,-0.17539978,0,0,0,0,0,0,0,0,0,0,0,0,0,0,1,0
0.244338989,0.963729858,-0.193817139,0,0,0,0,0,0,0,0,0,0,0,0,0,0,1,0
0.216262817,0.969207764,-0.202438354,0,0,0,0,0,0,0,0,0,0,0,0,0,0,1,0
0.220199585,0.968261719,-0.185913086,0,0,0,0,0,0,0,0,0,0,0,0,0,0,1,0
0.232070923,0.951583862,-0.197952271,0,0,0,0,0,0,0,0,0,0,0,0,0,0,1,0
0.235366821,0.946090698,-0.186523438,0,0,0,0,0,0,0,0,0,0,0,0,0,0,1,0
0.245483398,0.959747314,-0.179214478,0,0,0,0,0,0,0,0,0,0,0,0,0,0,1,0
0.230194092,0.97354126,-0.177429199,0,0,0,0,0,0,0,0,0,0,0,0,0,0,1,0
0.217437744,0.96987915,-0.18699646,0,0,0,0,0,0,0,0,0,0,0,0,0,0,1,0
0.20930481,0.973648071,-0.190124512,0,0,0,0,0,0,0,0,0,0,0,0,0,0,1,0
0.22102356,0.952423096,-0.205123901,0,0,0,0,0,0,0,0,0,0,0,0,0,0,1,0
0.224990845,0.938842773,-0.2059021,0,0,0,0,0,0,0,0,0,0,0,0,0,0,1,0
0.240646362,0.914123535,-0.202301025,0,0,0,0,0,0,0,0,0,0,0,0,0,0,1,0
0.237136841,0.919754028,-0.193527222,0,0,0,0,0,0,0,0,0,0,0,0,0,0,1,0
0.221496582,0.943649292,-0.193878174,0,0,0,0,0,0,0,0,0,0,0,0,0,0,1,0
0.213027954,0.965911865,-0.185699463,0,0,0,0,0,0,0,0,0,0,0,0,0,0,1,0
0.235733032,0.942230225,-0.196212769,0,0,0,0,0,0,0,0,0,0,0,0,0,0,1,0
0.234786987,0.950820923,-0.177612305,0,0,0,0,0,0,0,0,0,0,0,0,0,0,1,0
0.246200562,0.950515747,-0.177810669,0,0,0,0,0,0,0,0,0,0,0,0,0,0,1,0
0.254776001,0.958282471,-0.183425903,0,0,0,0,0,0,0,0,0,0,0,0,0,0,1,0
0.250305176,0.95262146,-0.175949097,0,0,0,0,0,0,0,0,0,0,0,0,0,0,1,0
0.229522705,0.951721191,-0.178985596,0,0,0,0,0,0,0,0,0,0,0,0,0,0,1,0
0.229248047,0.975616455,-0.182647705,0,0,0,0,0,0,0,0,0,0,0,0,0,0,1,0
0.229248047,0.975616455,-0.182647705,0,0,0,0,0,0,0,0,0,0,0,0,0,0,1,0
0.219223022,0.989730835,-0.182266235,0,0,0,0,0,0,0,0,0,0,0,0,0,0,1,0
0.237838745,0.975128174,-0.188415527,0,0,0,0,0,0,0,0,0,0,0,0,0,0,1,0
0.237838745,0.975128174,-0.188415527,0,0,0,0,0,0,0,0,0,0,0,0,0,0,1,0
0.242996216,0.947402954,-0.204421997,0,0,0,0,0,0,0,0,0,0,0,0,0,0,1,0
0.237564087,0.970184326,-0.192367554,0,0,0,0,0,0,0,0,0,0,0,0,0,0,1,0
0.237167358,0.964477539,-0.184646606,0,0,0,0,0,0,0,0,0,1,0,0,0,0,0,0
0.241867065,0.975952148,-0.181304932,0,0,0,0,0,0,0,0,0,1,0,0,0,0,0,0
0.229019165,0.996383667,-0.170013428,0,0,0,0,0,0,0,0,0,1,0,0,0,0,0,0
0.230072021,0.967529297,-0.184906006,0,0,0,0,0,0,0,0,0,1,0,0,0,0,0,0
0.230300903,0.974395752,-0.183792114,0,0,0,0,0,0,0,0,0,1,0,0,0,0,0,0
0.228164673,0.971160889,-0.181900024,0,0,0,0,0,0,0,0,0,1,0,0,0,0,0,0
0.234146118,0.962860107,-0.185836792,0,0,0,0,0,0,0,0,0,1,0,0,0,0,0,0
0.221862793,0.975875854,-0.186706543,0,0,0,0,0,0,0,0,0,1,0,0,0,0,0,0
0.21081543,0.983703613,-0.201629639,0,0,0,0,0,0,0,0,0,1,0,0,0,0,0,0
0.210388184,0.963317871,-0.212417603,0,0,0,0,0,0,0,0,0,1,0,0,0,0,0,0
0.224380493,0.980072021,-0.20942688,0,0,0,0,0,0,0,0,0,1,0,0,0,0,0,0
0.192276001,0.980957031,-0.240371704,0,0,0,0,0,0,0,0,0,1,0,0,0,0,0,0
0.164047241,0.994689941,-0.211380005,0,0,0,0,0,0,0,0,0,1,0,0,0,0,0,0
0.129089355,0.971557617,-0.259490967,0,0,0,0,0,0,0,0,0,1,0,0,0,0,0,0
0.079818726,0.918807983,-0.31237793,0,0,0,0,0,0,0,0,0,1,0,0,0,0,0,0
0.081481934,0.97102356,-0.283065796,0,0,0,0,0,0,0,0,0,1,0,0,0,0,0,0
0.083053589,0.921432495,-0.426895142,0,0,0,0,0,0,0,0,0,1,0,0,0,0,0,0
0.01083374,0.812301636,-0.572189331,0,0,0,0,0,0,0,0,0,1,0,0,0,0,0,0
0.012634277,0.848297119,-0.601379395,0,0,0,0,0,0,0,0,0,1,0,0,0,0,0,0
-0.036117554,0.731796265,-0.66217041,0,0,0,0,0,0,0,0,0,1,0,0,0,0,0,0
-0.109542847,0.695663452,-0.724716187,0,0,0,0,0,0,0,0,0,1,0,0,0,0,0,0
-0.111618042,0.656616211,-0.728225708,0,0,0,0,0,0,0,0,0,1,0,0,0,0,0,0
-0.137710571,0.527206421,-0.811981201,0,0,0,0,0,0,0,0,0,1,0,0,0,0,0,0
-0.11781311,0.344451904,-0.890350342,0,0,0,0,0,0,0,0,0,1,0,0,0,0,0,0
-0.117630005,0.258255005,-0.917678833,0,0,0,0,0,0,0,0,0,1,0,0,0,0,0,0
-0.083084106,0.157684326,-0.958724976,0,0,0,0,0,0,0,0,0,1,0,0,0,0,0,0
-0.106719971,0.102249146,-0.956115723,0,0,0,0,0,0,0,0,0,1,0,0,0,0,0,0
-0.103515625,0.087966919,-0.992324829,0,0,0,0,0,0,0,0,0,1,0,0,0,0,0,0
-0.055908203,0.100311279,-1.002166748,0,0,0,0,0,0,0,0,0,1,0,0,0,0,0,0
-0.042724609,0.075424194,-0.991455078,0,0,0,0,0,0,0,0,0,1,0,0,0,0,0,0
-0.009307861,0.129684448,-1.005554199,0,0,0,0,0,0,0,0,0,1,0,0,0,0,0,0
0.013809204,0.138977051,-0.999008179,0,0,0,0,0,0,0,0,0,1,0,0,0,0,0,0
0.034469604,0.131942749,-0.994064331,0,0,0,0,0,0,0,0,0,1,0,0,0,0,0,0
0.030059814,0.137908936,-0.994216919,0,0,0,0,0,0,0,0,0,1,0,0,0,0,0,0
0.028518677,0.138076782,-0.993240356,0,0,0,0,0,0,0,0,0,1,0,0,0,0,0,0
0.016937256,0.138137817,-0.993881226,0,0,0,0,0,0,0,0,0,1,0,0,0,0,0,0
0.016525269,0.12538147,-0.992538452,0,0,0,0,0,0,0,0,0,1,0,0,0,0,0,0
0.012084961,0.135940552,-0.995407104,0,0,0,0,0,0,0,0,0,1,0,0,0,0,0,0
0.002670288,0.134414673,-0.992523193,0,0,0,0,0,0,0,0,0,1,0,0,0,0,0,0
0.007751465,0.122955322,-0.991546631,0,0,0,0,0,0,0,0,0,1,0,0,0,0,0,0
0.018356323,0.143920898,-0.993438721,0,0,0,0,0,0,0,0,0,1,0,0,0,0,0,0
0.008224487,0.145874023,-0.993896484,0,0,0,0,0,0,0,0,0,1,0,0,0,0,0,0
0.008010864,0.139434814,-0.992767334,0,0,0,0,0,0,0,0,0,1,0,0,0,0,0,0
0.013687134,0.144119263,-0.994873047,0,0,0,0,0,0,0,0,0,1,0,0,0,0,0,0
0.007843018,0.132263184,-0.993621826,0,0,0,0,0,0,0,0,0,1,0,0,0,0,0,0
0.01133728,0.141601563,-0.9949646,0,0,0,0,0,0,0,0,0,1,0,0,0,0,0,0
0.001647949,0.131225586,-0.990737915,0,0,0,0,0,0,0,0,0,1,0,0,0,0,0,0
0.004577637,0.139648438,-0.995544434,0,0,0,0,0,0,0,0,0,0,0,0,0,0,1,0
0.008499146,0.125045776,-1.002075195,0,0,0,0,0,0,0,0,0,0,0,0,0,0,1,0
-0.003372192,0.108154297,-0.994216919,0,0,0,0,0,0,0,0,0,0,0,0,0,0,1,0
-0.002792358,0.124740601,-0.989364624,0,0,0,0,0,0,0,0,0,0,0,0,0,0,1,0
-0.005950928,0.115264893,-0.993026733,0,0,0,0,0,0,0,0,0,0,0,0,0,0,1,0
0.005004883,0.130096436,-0.996856689,0,0,0,0,0,0,0,0,0,0,0,0,0,0,1,0
-0.002120972,0.129760742,-0.994384766,0,0,0,0,0,0,0,0,0,0,0,0,0,0,1,0
-0.00718689,0.134490967,-0.994338989,0,0,0,0,0,0,0,0,0,0,0,0,0,0,1,0
0.004638672,0.128570557,-0.995773315,0,0,0,0,0,0,0,0,0,0,0,0,0,0,1,0
0.001068115,0.122894287,-0.996582031,0,0,0,0,0,0,0,0,0,0,0,0,0,0,1,0
-0.005218506,0.121017456,-0.995742798,0,0,0,0,0,0,0,0,0,0,0,0,0,0,1,0
-0.008621216,0.13835144,-0.997955322,0,0,0,0,0,0,0,0,0,0,0,0,0,0,1,0
-0.011245728,0.132019043,-0.993621826,0,0,0,0,0,0,0,0,0,0,0,0,0,0,1,0
-0.004196167,0.136047363,-0.994277954,0,0,0,0,0,0,0,0,0,0,0,0,0,0,1,0
-0.000976563,0.131011963,-0.994674683,0,0,0,0,0,0,0,0,0,0,0,0,0,0,1,0
-0.00239563,0.129425049,-0.995529175,0,0,0,0,0,0,0,0,0,0,0,0,0,0,1,0
-0.009887695,0.128692627,-0.993835449,0,0,0,0,0,0,0,0,0,0,0,0,0,0,1,0
